2025-02-18 18:05:27,211 [DEBUG]  Available web server routes: 
/conversations/<conversation_id:path>/messages     POST                           add_message
/conversations/<conversation_id:path>/tracker/events POST                           append_events
/webhooks/rasa                                     GET                            custom_webhook_RasaChatInput.health
/webhooks/rasa/webhook                             POST                           custom_webhook_RasaChatInput.receive
/webhooks/rest                                     GET                            custom_webhook_RestInput.health
/webhooks/rest/webhook                             POST                           custom_webhook_RestInput.receive
/model/test/intents                                POST                           evaluate_intents
/model/test/stories                                POST                           evaluate_stories
/conversations/<conversation_id:path>/execute      POST                           execute_action
/domain                                            GET                            get_domain
/                                                  GET                            hello
/model                                             PUT                            load_model
/model/parse                                       POST                           parse
/conversations/<conversation_id:path>/predict      POST                           predict
/conversations/<conversation_id:path>/tracker/events PUT                            replace_events
/conversations/<conversation_id:path>/story        GET                            retrieve_story
/conversations/<conversation_id:path>/tracker      GET                            retrieve_tracker
/status                                            GET                            status
/model/predict                                     POST                           tracker_predict
/model/train                                       POST                           train
/conversations/<conversation_id:path>/trigger_intent POST                           trigger_intent
/model                                             DELETE                         unload_model
/version                                           GET                            version
2025-02-18 18:05:27,213 [INFO ]  Starting Rasa server on http://0.0.0.0:5005
2025-02-18 18:05:27,213 [DEBUG]  Using the default number of Sanic workers (1).
2025-02-18 18:05:27,475 [DEBUG]  Skipping telemetry reporting: no license hash found.
2025-02-18 18:05:27,516 [DEBUG]  Connected to InMemoryTrackerStore.
2025-02-18 18:05:27,516 [DEBUG]  Connected to lock store 'InMemoryLockStore'.
2025-02-18 18:05:27,516 [DEBUG]  Instantiated NLG to 'TemplatedNaturalLanguageGenerator'.
2025-02-18 18:05:27,517 [INFO ]  Loading model models\20250218-180418-factorial-creative.tar.gz...
2025-02-18 18:05:27,624 [DEBUG]  Extracted model to 'C:\Users\Lenovo\AppData\Local\Temp\tmp3l7zlpfv'.
2025-02-18 18:05:27,649 [DEBUG]  Node 'nlu_message_converter' loading 'NLUMessageConverter.load' and kwargs: '{}'.
2025-02-18 18:05:27,649 [DEBUG]  Node 'run_WhitespaceTokenizer0' loading 'WhitespaceTokenizer.load' and kwargs: '{}'.
2025-02-18 18:05:27,651 [DEBUG]  Node 'run_RegexFeaturizer1' loading 'RegexFeaturizer.load' and kwargs: '{}'.
2025-02-18 18:05:27,651 [DEBUG]  Resource 'train_RegexFeaturizer1' was requested for reading.
2025-02-18 18:05:27,653 [DEBUG]  Node 'run_LexicalSyntacticFeaturizer2' loading 'LexicalSyntacticFeaturizer.load' and kwargs: '{}'.
2025-02-18 18:05:27,653 [DEBUG]  Resource 'train_LexicalSyntacticFeaturizer2' was requested for reading.
2025-02-18 18:05:27,655 [DEBUG]  Node 'run_CountVectorsFeaturizer3' loading 'CountVectorsFeaturizer.load' and kwargs: '{}'.
2025-02-18 18:05:27,655 [DEBUG]  Resource 'train_CountVectorsFeaturizer3' was requested for reading.
2025-02-18 18:05:27,659 [DEBUG]  Node 'run_LanguageModelFeaturizer4' loading 'LanguageModelFeaturizer.load' and kwargs: '{}'.
2025-02-18 18:05:28,762 [DEBUG]  Loading Tokenizer and Model for bert
2025-02-18 18:05:28,765 [DEBUG]  Starting new HTTPS connection (1): huggingface.co:443
2025-02-18 18:05:29,087 [DEBUG]  https://huggingface.co:443 "HEAD /bert-base-cased/resolve/main/tokenizer_config.json HTTP/1.1" 200 0
2025-02-18 18:05:29,315 [DEBUG]  https://huggingface.co:443 "HEAD /bert-base-cased/resolve/main/config.json HTTP/1.1" 200 0
2025-02-18 18:05:30,902 [DEBUG]  Node 'run_DIETClassifier5' loading 'DIETClassifier.load' and kwargs: '{}'.
2025-02-18 18:05:30,902 [DEBUG]  Resource 'train_DIETClassifier5' was requested for reading.
2025-02-18 18:05:30,930 [DEBUG]  Loading the model from C:\Users\Lenovo\AppData\Local\Temp\tmpxq4_aafw\train_DIETClassifier5\DIETClassifier.tf_model with finetune_mode=False...
2025-02-18 18:05:30,953 [DEBUG]  You specified 'DIET' to train entities, but no entities are present in the training data. Skipping training of entities.
2025-02-18 18:05:30,982 [DEBUG]  Following metrics will be logged during training: 
2025-02-18 18:05:30,982 [DEBUG]    t_loss (total loss)
2025-02-18 18:05:30,982 [DEBUG]    i_acc (intent acc)
2025-02-18 18:05:30,983 [DEBUG]    i_loss (intent loss)
2025-02-18 18:05:38,809 [DEBUG]  Finished loading the model.
2025-02-18 18:05:38,811 [DEBUG]  Node 'run_EntitySynonymMapper6' loading 'EntitySynonymMapper.load' and kwargs: '{}'.
2025-02-18 18:05:38,811 [DEBUG]  Resource 'train_EntitySynonymMapper6' was requested for reading.
2025-02-18 18:05:38,811 [DEBUG]  Failed to load ABCMeta from model storage. Resource 'train_EntitySynonymMapper6' doesn't exist.
2025-02-18 18:05:38,812 [DEBUG]  Node 'run_ResponseSelector7' loading 'ResponseSelector.load' and kwargs: '{}'.
2025-02-18 18:05:38,812 [DEBUG]  Resource 'train_ResponseSelector7' was requested for reading.
2025-02-18 18:05:38,812 [DEBUG]  Failed to load ABCMeta from model storage. Resource 'train_ResponseSelector7' doesn't exist.
2025-02-18 18:05:38,812 [DEBUG]  Resource 'train_ResponseSelector7' was requested for reading.
2025-02-18 18:05:38,812 [DEBUG]  Failed to load ResponseSelector from model storage. Resource 'train_ResponseSelector7' doesn't exist.
2025-02-18 18:05:38,812 [DEBUG]  Node 'run_RegexMessageHandler' loading 'RegexMessageHandler.load' and kwargs: '{}'.
2025-02-18 18:05:38,813 [DEBUG]  Node 'domain_provider' loading 'DomainProvider.load' and kwargs: '{}'.
2025-02-18 18:05:38,813 [DEBUG]  Resource 'domain_provider' was requested for reading.
2025-02-18 18:05:38,864 [DEBUG]  Node 'run_MemoizationPolicy0' loading 'MemoizationPolicy.load' and kwargs: '{}'.
2025-02-18 18:05:38,865 [DEBUG]  Resource 'train_MemoizationPolicy0' was requested for reading.
2025-02-18 18:05:38,869 [DEBUG]  Node 'run_RulePolicy1' loading 'RulePolicy.load' and kwargs: '{}'.
2025-02-18 18:05:38,870 [DEBUG]  Resource 'train_RulePolicy1' was requested for reading.
2025-02-18 18:05:38,874 [DEBUG]  Node 'run_TEDPolicy2' loading 'TEDPolicy.load' and kwargs: '{}'.
2025-02-18 18:05:38,874 [DEBUG]  Resource 'train_TEDPolicy2' was requested for reading.
2025-02-18 18:05:38,910 [DEBUG]  Loading the model from C:\Users\Lenovo\AppData\Local\Temp\tmpxq4_aafw\train_TEDPolicy2\ted_policy.tf_model with finetune_mode=False...
2025-02-18 18:05:51,667 [DEBUG]  Finished loading the model.
2025-02-18 18:05:51,668 [DEBUG]  Node 'rule_only_data_provider' loading 'RuleOnlyDataProvider.load' and kwargs: '{}'.
2025-02-18 18:05:51,668 [DEBUG]  Resource 'train_RulePolicy1' was requested for reading.
2025-02-18 18:05:51,671 [DEBUG]  Node 'select_prediction' loading 'DefaultPolicyPredictionEnsemble.load' and kwargs: '{}'.
2025-02-18 18:05:51,689 [INFO ]  Rasa server is up and running.
2025-02-18 18:05:51,691 [INFO ]  Enabling coroutine debugging. Loop id 2682495186112.
2025-02-18 18:05:51,923 [DEBUG]  Issuing ticket for conversation 'PractikumStudent'.
2025-02-18 18:05:51,923 [DEBUG]  Acquiring lock for conversation 'PractikumStudent'.
2025-02-18 18:05:51,923 [DEBUG]  Acquired lock for conversation 'PractikumStudent'.
2025-02-18 18:05:51,923 [DEBUG]  Could not find tracker for conversation ID 'PractikumStudent'.
2025-02-18 18:05:51,925 [DEBUG]  No event broker configured. Skipping streaming events.
2025-02-18 18:05:51,925 [DEBUG]  Starting a new session for conversation ID 'PractikumStudent'.
2025-02-18 18:05:51,939 [DEBUG]  [[32m[1mdebug    [0m] [1mprocessor.actions.policy_prediction[0m [36mprediction_events[0m=[35m[][0m
2025-02-18 18:05:51,940 [DEBUG]  [[32m[1mdebug    [0m] [1mprocessor.actions.log         [0m [36maction_name[0m=[35maction_session_start[0m [36mrasa_events[0m=[35m[<rasa.shared.core.events.SessionStarted object at 0x00000270BCB453F0>, ActionExecuted(action: action_listen, policy: None, confidence: None)][0m
2025-02-18 18:05:51,940 [DEBUG]  [[32m[1mdebug    [0m] [1mprocessor.slots.log           [0m [36mslot_values[0m=[35m	topic: None
	session_started_metadata: None[0m
2025-02-18 18:05:51,941 [DEBUG]  Running graph with inputs: {'__message__': [<rasa.core.channels.channel.UserMessage object at 0x00000270BCB45F90>], '__tracker__': <rasa.shared.core.trackers.DialogueStateTracker object at 0x00000270BCB44EE0>}, targets: ['run_RegexMessageHandler'] and ExecutionContext(model_id='25b51c4994f84047a6a2441cf4caf554', should_add_diagnostic_data=False, is_finetuning=False, node_name=None).
2025-02-18 18:05:51,941 [DEBUG]  Node 'nlu_message_converter' running 'NLUMessageConverter.convert_user_message'.
2025-02-18 18:05:51,941 [DEBUG]  Node 'run_WhitespaceTokenizer0' running 'WhitespaceTokenizer.process'.
2025-02-18 18:05:51,943 [DEBUG]  Node 'run_RegexFeaturizer1' running 'RegexFeaturizer.process'.
2025-02-18 18:05:51,944 [DEBUG]  Node 'run_LexicalSyntacticFeaturizer2' running 'LexicalSyntacticFeaturizer.process'.
2025-02-18 18:05:51,944 [DEBUG]  Node 'run_CountVectorsFeaturizer3' running 'CountVectorsFeaturizer.process'.
2025-02-18 18:05:51,945 [DEBUG]  Node 'run_LanguageModelFeaturizer4' running 'LanguageModelFeaturizer.process'.
2025-02-18 18:05:52,225 [DEBUG]  Node 'run_DIETClassifier5' running 'DIETClassifier.process'.
2025-02-18 18:05:52,446 [DEBUG]  Node 'run_EntitySynonymMapper6' running 'EntitySynonymMapper.process'.
2025-02-18 18:05:52,447 [DEBUG]  Node 'run_ResponseSelector7' running 'ResponseSelector.process'.
2025-02-18 18:05:52,447 [DEBUG]  There is no trained model for 'ResponseSelector': The component is either not trained or didn't receive enough training data.
2025-02-18 18:05:52,447 [DEBUG]  Adding following selector key to message property: default
2025-02-18 18:05:52,448 [DEBUG]  Node 'domain_provider' running 'DomainProvider.provide_inference'.
2025-02-18 18:05:52,449 [DEBUG]  Node 'run_RegexMessageHandler' running 'RegexMessageHandler.process'.
2025-02-18 18:05:52,449 [DEBUG]  [[32m[1mdebug    [0m] [1mprocessor.message.parse       [0m [36mparse_data_entities[0m=[35m[][0m [36mparse_data_intent[0m=[35m{'name': 'request_info', 'confidence': 0.28509652614593506}[0m [36mparse_data_text[0m=[35mПривет[0m
2025-02-18 18:05:52,450 [DEBUG]  Logged UserUtterance - tracker now has 4 events.
2025-02-18 18:05:52,452 [DEBUG]  Validating extracted slots: topic
2025-02-18 18:05:52,452 [DEBUG]  [[32m[1mdebug    [0m] [1mprocessor.extract.slots       [0m [36maction_extract_slot[0m=[35maction_extract_slots[0m [36mlen_extraction_events[0m=[35m1[0m [36mrasa_events[0m=[35m[SlotSet(key: topic, value: Привет)][0m
2025-02-18 18:05:52,453 [DEBUG]  Running graph with inputs: {'__tracker__': <rasa.shared.core.trackers.DialogueStateTracker object at 0x00000270BCB44EE0>}, targets: ['select_prediction'] and ExecutionContext(model_id='25b51c4994f84047a6a2441cf4caf554', should_add_diagnostic_data=False, is_finetuning=False, node_name=None).
2025-02-18 18:05:52,453 [DEBUG]  Node 'rule_only_data_provider' running 'RuleOnlyDataProvider.provide'.
2025-02-18 18:05:52,453 [DEBUG]  Node 'domain_provider' running 'DomainProvider.provide_inference'.
2025-02-18 18:05:52,454 [DEBUG]  Node 'run_MemoizationPolicy0' running 'MemoizationPolicy.predict_action_probabilities'.
2025-02-18 18:05:52,454 [DEBUG]  [[32m[1mdebug    [0m] [1mmemoization.predict.actions   [0m [36mtracker_states[0m=[35m[{}, {'user': {'intent': 'request_info'}, 'prev_action': {'action_name': 'action_listen'}}][0m
2025-02-18 18:05:52,455 [DEBUG]  There is a memorised next action 'utter_ask_more'
2025-02-18 18:05:52,455 [DEBUG]  Node 'run_RulePolicy1' running 'RulePolicy.predict_action_probabilities'.
2025-02-18 18:05:52,457 [DEBUG]  [[32m[1mdebug    [0m] [1mrule_policy.actions.find      [0m [36mcurrent_states[0m=[35m
[state 1] user text: Привет | previous action name: action_listen[0m
2025-02-18 18:05:52,457 [DEBUG]  There is no applicable rule.
2025-02-18 18:05:52,457 [DEBUG]  [[32m[1mdebug    [0m] [1mrule_policy.actions.find      [0m [36mcurrent_states[0m=[35m
[state 1] user intent: request_info | previous action name: action_listen[0m
2025-02-18 18:05:52,458 [DEBUG]  There is a rule for the next action 'utter_ask_more'.
2025-02-18 18:05:52,458 [DEBUG]  Node 'run_TEDPolicy2' running 'TEDPolicy.predict_action_probabilities'.
2025-02-18 18:05:52,467 [DEBUG]  TED predicted 'action_default_ask_rephrase' based on user intent.
2025-02-18 18:05:52,468 [DEBUG]  Node 'select_prediction' running 'DefaultPolicyPredictionEnsemble.combine_predictions_from_kwargs'.
2025-02-18 18:05:52,468 [DEBUG]  Made prediction using user intent.
2025-02-18 18:05:52,469 [DEBUG]  Added `DefinePrevUserUtteredFeaturization(False)` event.
2025-02-18 18:05:52,469 [DEBUG]  Predicted next action using RulePolicy.
2025-02-18 18:05:52,470 [DEBUG]  Predicted next action 'utter_ask_more' with confidence 1.00.
2025-02-18 18:05:52,472 [DEBUG]  [[32m[1mdebug    [0m] [1mprocessor.actions.policy_prediction[0m [36mprediction_events[0m=[35m[<rasa.shared.core.events.DefinePrevUserUtteredFeaturization object at 0x00000270C037C160>][0m
2025-02-18 18:05:52,473 [DEBUG]  [[32m[1mdebug    [0m] [1mprocessor.actions.log         [0m [36maction_name[0m=[35mutter_ask_more[0m [36mrasa_events[0m=[35m[BotUttered('Что именно вас интересует в архитектуре программного обеспечения?', {"elements": null, "quick_replies": null, "buttons": null, "attachment": null, "image": null, "custom": null}, {"utter_action": "utter_ask_more"}, 1739891152.4720297)][0m
2025-02-18 18:05:52,473 [DEBUG]  Running graph with inputs: {'__tracker__': <rasa.shared.core.trackers.DialogueStateTracker object at 0x00000270BCB44EE0>}, targets: ['select_prediction'] and ExecutionContext(model_id='25b51c4994f84047a6a2441cf4caf554', should_add_diagnostic_data=False, is_finetuning=False, node_name=None).
2025-02-18 18:05:52,475 [DEBUG]  Node 'rule_only_data_provider' running 'RuleOnlyDataProvider.provide'.
2025-02-18 18:05:52,475 [DEBUG]  Node 'domain_provider' running 'DomainProvider.provide_inference'.
2025-02-18 18:05:52,475 [DEBUG]  Node 'run_MemoizationPolicy0' running 'MemoizationPolicy.predict_action_probabilities'.
2025-02-18 18:05:52,476 [DEBUG]  [[32m[1mdebug    [0m] [1mmemoization.predict.actions   [0m [36mtracker_states[0m=[35m[{'user': {'intent': 'request_info'}, 'prev_action': {'action_name': 'action_listen'}}, {'user': {'intent': 'request_info'}, 'prev_action': {'action_name': 'utter_ask_more'}}][0m
2025-02-18 18:05:52,477 [DEBUG]  There is a memorised next action 'action_listen'
2025-02-18 18:05:52,477 [DEBUG]  Node 'run_RulePolicy1' running 'RulePolicy.predict_action_probabilities'.
2025-02-18 18:05:52,477 [DEBUG]  [[32m[1mdebug    [0m] [1mrule_policy.actions.find      [0m [36mcurrent_states[0m=[35m
[state 1] user intent: request_info | previous action name: action_listen
[state 2] user intent: request_info | previous action name: utter_ask_more[0m
2025-02-18 18:05:52,478 [DEBUG]  There is a rule for the next action 'action_listen'.
2025-02-18 18:05:52,478 [DEBUG]  Node 'run_TEDPolicy2' running 'TEDPolicy.predict_action_probabilities'.
2025-02-18 18:05:52,485 [DEBUG]  TED predicted 'action_deactivate_loop' based on user intent.
2025-02-18 18:05:52,486 [DEBUG]  Node 'select_prediction' running 'DefaultPolicyPredictionEnsemble.combine_predictions_from_kwargs'.
2025-02-18 18:05:52,486 [DEBUG]  Predicted next action using RulePolicy.
2025-02-18 18:05:52,487 [DEBUG]  Predicted next action 'action_listen' with confidence 1.00.
2025-02-18 18:05:52,487 [DEBUG]  [[32m[1mdebug    [0m] [1mprocessor.actions.policy_prediction[0m [36mprediction_events[0m=[35m[][0m
2025-02-18 18:05:52,488 [DEBUG]  [[32m[1mdebug    [0m] [1mprocessor.actions.log         [0m [36maction_name[0m=[35maction_listen[0m [36mrasa_events[0m=[35m[][0m
2025-02-18 18:05:52,488 [DEBUG]  No event broker configured. Skipping streaming events.
2025-02-18 18:05:52,489 [DEBUG]  Deleted lock for conversation 'PractikumStudent'.
2025-02-18 18:06:53,475 [DEBUG]  Issuing ticket for conversation 'PractikumStudent'.
2025-02-18 18:06:53,475 [DEBUG]  Acquiring lock for conversation 'PractikumStudent'.
2025-02-18 18:06:53,475 [DEBUG]  Acquired lock for conversation 'PractikumStudent'.
2025-02-18 18:06:53,476 [DEBUG]  Recreating tracker for id 'PractikumStudent'
2025-02-18 18:06:53,477 [DEBUG]  Running graph with inputs: {'__message__': [<rasa.core.channels.channel.UserMessage object at 0x00000270BCB453F0>], '__tracker__': <rasa.shared.core.trackers.DialogueStateTracker object at 0x00000270BCB44850>}, targets: ['run_RegexMessageHandler'] and ExecutionContext(model_id='25b51c4994f84047a6a2441cf4caf554', should_add_diagnostic_data=False, is_finetuning=False, node_name=None).
2025-02-18 18:06:53,478 [DEBUG]  Node 'nlu_message_converter' running 'NLUMessageConverter.convert_user_message'.
2025-02-18 18:06:53,478 [DEBUG]  Node 'run_WhitespaceTokenizer0' running 'WhitespaceTokenizer.process'.
2025-02-18 18:06:53,479 [DEBUG]  Node 'run_RegexFeaturizer1' running 'RegexFeaturizer.process'.
2025-02-18 18:06:53,479 [DEBUG]  Node 'run_LexicalSyntacticFeaturizer2' running 'LexicalSyntacticFeaturizer.process'.
2025-02-18 18:06:53,480 [DEBUG]  Node 'run_CountVectorsFeaturizer3' running 'CountVectorsFeaturizer.process'.
2025-02-18 18:06:53,480 [DEBUG]  Node 'run_LanguageModelFeaturizer4' running 'LanguageModelFeaturizer.process'.
2025-02-18 18:06:53,857 [DEBUG]  Node 'run_DIETClassifier5' running 'DIETClassifier.process'.
2025-02-18 18:06:53,864 [DEBUG]  Node 'run_EntitySynonymMapper6' running 'EntitySynonymMapper.process'.
2025-02-18 18:06:53,864 [DEBUG]  Node 'run_ResponseSelector7' running 'ResponseSelector.process'.
2025-02-18 18:06:53,865 [DEBUG]  There is no trained model for 'ResponseSelector': The component is either not trained or didn't receive enough training data.
2025-02-18 18:06:53,865 [DEBUG]  Adding following selector key to message property: default
2025-02-18 18:06:53,866 [DEBUG]  Node 'domain_provider' running 'DomainProvider.provide_inference'.
2025-02-18 18:06:53,866 [DEBUG]  Node 'run_RegexMessageHandler' running 'RegexMessageHandler.process'.
2025-02-18 18:06:53,867 [DEBUG]  [[32m[1mdebug    [0m] [1mprocessor.message.parse       [0m [36mparse_data_entities[0m=[35m[][0m [36mparse_data_intent[0m=[35m{'name': 'request_info', 'confidence': 0.2586396038532257}[0m [36mparse_data_text[0m=[35mЧто такое микросервисная архитектура[0m
2025-02-18 18:06:53,868 [DEBUG]  Logged UserUtterance - tracker now has 10 events.
2025-02-18 18:06:53,868 [DEBUG]  Validating extracted slots: topic
2025-02-18 18:06:53,869 [DEBUG]  [[32m[1mdebug    [0m] [1mprocessor.extract.slots       [0m [36maction_extract_slot[0m=[35maction_extract_slots[0m [36mlen_extraction_events[0m=[35m1[0m [36mrasa_events[0m=[35m[SlotSet(key: topic, value: Что такое микросервисная архитектура)][0m
2025-02-18 18:06:53,869 [DEBUG]  Running graph with inputs: {'__tracker__': <rasa.shared.core.trackers.DialogueStateTracker object at 0x00000270BCB44850>}, targets: ['select_prediction'] and ExecutionContext(model_id='25b51c4994f84047a6a2441cf4caf554', should_add_diagnostic_data=False, is_finetuning=False, node_name=None).
2025-02-18 18:06:53,870 [DEBUG]  Node 'rule_only_data_provider' running 'RuleOnlyDataProvider.provide'.
2025-02-18 18:06:53,870 [DEBUG]  Node 'domain_provider' running 'DomainProvider.provide_inference'.
2025-02-18 18:06:53,870 [DEBUG]  Node 'run_MemoizationPolicy0' running 'MemoizationPolicy.predict_action_probabilities'.
2025-02-18 18:06:53,872 [DEBUG]  [[32m[1mdebug    [0m] [1mmemoization.predict.actions   [0m [36mtracker_states[0m=[35m[{'user': {'intent': 'request_info'}, 'prev_action': {'action_name': 'utter_ask_more'}}, {'user': {'intent': 'request_info'}, 'prev_action': {'action_name': 'action_listen'}}][0m
2025-02-18 18:06:53,872 [DEBUG]  There is no memorised next action
2025-02-18 18:06:53,872 [DEBUG]  Node 'run_RulePolicy1' running 'RulePolicy.predict_action_probabilities'.
2025-02-18 18:06:53,873 [DEBUG]  [[32m[1mdebug    [0m] [1mrule_policy.actions.find      [0m [36mcurrent_states[0m=[35m
[state 1] user intent: request_info | previous action name: action_listen
[state 2] user intent: request_info | previous action name: utter_ask_more
[state 3] user text: Что такое микросервисная архитектура | previous action name: action_listen[0m
2025-02-18 18:06:53,873 [DEBUG]  There is no applicable rule.
2025-02-18 18:06:53,874 [DEBUG]  [[32m[1mdebug    [0m] [1mrule_policy.actions.find      [0m [36mcurrent_states[0m=[35m
[state 1] user intent: request_info | previous action name: action_listen
[state 2] user intent: request_info | previous action name: utter_ask_more
[state 3] user intent: request_info | previous action name: action_listen[0m
2025-02-18 18:06:53,874 [DEBUG]  There is a rule for the next action 'utter_ask_more'.
2025-02-18 18:06:53,875 [DEBUG]  Node 'run_TEDPolicy2' running 'TEDPolicy.predict_action_probabilities'.
2025-02-18 18:06:53,881 [DEBUG]  TED predicted 'action_default_ask_rephrase' based on user intent.
2025-02-18 18:06:53,881 [DEBUG]  Node 'select_prediction' running 'DefaultPolicyPredictionEnsemble.combine_predictions_from_kwargs'.
2025-02-18 18:06:53,882 [DEBUG]  Made prediction using user intent.
2025-02-18 18:06:53,882 [DEBUG]  Added `DefinePrevUserUtteredFeaturization(False)` event.
2025-02-18 18:06:53,882 [DEBUG]  Predicted next action using RulePolicy.
2025-02-18 18:06:53,882 [DEBUG]  Predicted next action 'utter_ask_more' with confidence 1.00.
2025-02-18 18:06:53,883 [DEBUG]  [[32m[1mdebug    [0m] [1mprocessor.actions.policy_prediction[0m [36mprediction_events[0m=[35m[<rasa.shared.core.events.DefinePrevUserUtteredFeaturization object at 0x00000270C037D960>][0m
2025-02-18 18:06:53,884 [DEBUG]  [[32m[1mdebug    [0m] [1mprocessor.actions.log         [0m [36maction_name[0m=[35mutter_ask_more[0m [36mrasa_events[0m=[35m[BotUttered('Что именно вас интересует в архитектуре программного обеспечения?', {"elements": null, "quick_replies": null, "buttons": null, "attachment": null, "image": null, "custom": null}, {"utter_action": "utter_ask_more"}, 1739891213.8834305)][0m
2025-02-18 18:06:53,884 [DEBUG]  Running graph with inputs: {'__tracker__': <rasa.shared.core.trackers.DialogueStateTracker object at 0x00000270BCB44850>}, targets: ['select_prediction'] and ExecutionContext(model_id='25b51c4994f84047a6a2441cf4caf554', should_add_diagnostic_data=False, is_finetuning=False, node_name=None).
2025-02-18 18:06:53,885 [DEBUG]  Node 'rule_only_data_provider' running 'RuleOnlyDataProvider.provide'.
2025-02-18 18:06:53,885 [DEBUG]  Node 'domain_provider' running 'DomainProvider.provide_inference'.
2025-02-18 18:06:53,886 [DEBUG]  Node 'run_MemoizationPolicy0' running 'MemoizationPolicy.predict_action_probabilities'.
2025-02-18 18:06:53,886 [DEBUG]  [[32m[1mdebug    [0m] [1mmemoization.predict.actions   [0m [36mtracker_states[0m=[35m[{'user': {'intent': 'request_info'}, 'prev_action': {'action_name': 'action_listen'}}, {'user': {'intent': 'request_info'}, 'prev_action': {'action_name': 'utter_ask_more'}}][0m
2025-02-18 18:06:53,887 [DEBUG]  There is a memorised next action 'action_listen'
2025-02-18 18:06:53,887 [DEBUG]  Node 'run_RulePolicy1' running 'RulePolicy.predict_action_probabilities'.
2025-02-18 18:06:53,888 [DEBUG]  [[32m[1mdebug    [0m] [1mrule_policy.actions.find      [0m [36mcurrent_states[0m=[35m
[state 1] user intent: request_info | previous action name: action_listen
[state 2] user intent: request_info | previous action name: utter_ask_more
[state 3] user intent: request_info | previous action name: action_listen
[state 4] user intent: request_info | previous action name: utter_ask_more[0m
2025-02-18 18:06:53,888 [DEBUG]  There is a rule for the next action 'action_listen'.
2025-02-18 18:06:53,888 [DEBUG]  Node 'run_TEDPolicy2' running 'TEDPolicy.predict_action_probabilities'.
2025-02-18 18:06:53,894 [DEBUG]  TED predicted 'action_deactivate_loop' based on user intent.
2025-02-18 18:06:53,894 [DEBUG]  Node 'select_prediction' running 'DefaultPolicyPredictionEnsemble.combine_predictions_from_kwargs'.
2025-02-18 18:06:53,895 [DEBUG]  Predicted next action using RulePolicy.
2025-02-18 18:06:53,895 [DEBUG]  Predicted next action 'action_listen' with confidence 1.00.
2025-02-18 18:06:53,895 [DEBUG]  [[32m[1mdebug    [0m] [1mprocessor.actions.policy_prediction[0m [36mprediction_events[0m=[35m[][0m
2025-02-18 18:06:53,896 [DEBUG]  [[32m[1mdebug    [0m] [1mprocessor.actions.log         [0m [36maction_name[0m=[35maction_listen[0m [36mrasa_events[0m=[35m[][0m
2025-02-18 18:06:53,897 [DEBUG]  No event broker configured. Skipping streaming events.
2025-02-18 18:06:53,898 [DEBUG]  Deleted lock for conversation 'PractikumStudent'.
2025-02-18 18:07:51,244 [DEBUG]  Issuing ticket for conversation 'PractikumStudent'.
2025-02-18 18:07:51,244 [DEBUG]  Acquiring lock for conversation 'PractikumStudent'.
2025-02-18 18:07:51,244 [DEBUG]  Acquired lock for conversation 'PractikumStudent'.
2025-02-18 18:07:51,245 [DEBUG]  Recreating tracker for id 'PractikumStudent'
2025-02-18 18:07:51,246 [DEBUG]  Running graph with inputs: {'__message__': [<rasa.core.channels.channel.UserMessage object at 0x00000270BCB44BE0>], '__tracker__': <rasa.shared.core.trackers.DialogueStateTracker object at 0x00000270BCB458D0>}, targets: ['run_RegexMessageHandler'] and ExecutionContext(model_id='25b51c4994f84047a6a2441cf4caf554', should_add_diagnostic_data=False, is_finetuning=False, node_name=None).
2025-02-18 18:07:51,247 [DEBUG]  Node 'nlu_message_converter' running 'NLUMessageConverter.convert_user_message'.
2025-02-18 18:07:51,248 [DEBUG]  Node 'run_WhitespaceTokenizer0' running 'WhitespaceTokenizer.process'.
2025-02-18 18:07:51,248 [DEBUG]  Node 'run_RegexFeaturizer1' running 'RegexFeaturizer.process'.
2025-02-18 18:07:51,248 [DEBUG]  Node 'run_LexicalSyntacticFeaturizer2' running 'LexicalSyntacticFeaturizer.process'.
2025-02-18 18:07:51,249 [DEBUG]  Node 'run_CountVectorsFeaturizer3' running 'CountVectorsFeaturizer.process'.
2025-02-18 18:07:51,249 [DEBUG]  Node 'run_LanguageModelFeaturizer4' running 'LanguageModelFeaturizer.process'.
2025-02-18 18:07:51,470 [DEBUG]  Node 'run_DIETClassifier5' running 'DIETClassifier.process'.
2025-02-18 18:07:51,476 [DEBUG]  Node 'run_EntitySynonymMapper6' running 'EntitySynonymMapper.process'.
2025-02-18 18:07:51,476 [DEBUG]  Node 'run_ResponseSelector7' running 'ResponseSelector.process'.
2025-02-18 18:07:51,477 [DEBUG]  There is no trained model for 'ResponseSelector': The component is either not trained or didn't receive enough training data.
2025-02-18 18:07:51,477 [DEBUG]  Adding following selector key to message property: default
2025-02-18 18:07:51,477 [DEBUG]  Node 'domain_provider' running 'DomainProvider.provide_inference'.
2025-02-18 18:07:51,478 [DEBUG]  Node 'run_RegexMessageHandler' running 'RegexMessageHandler.process'.
2025-02-18 18:07:51,479 [DEBUG]  [[32m[1mdebug    [0m] [1mprocessor.message.parse       [0m [36mparse_data_entities[0m=[35m[][0m [36mparse_data_intent[0m=[35m{'name': 'request_info', 'confidence': 0.28509652614593506}[0m [36mparse_data_text[0m=[35mПривет[0m
2025-02-18 18:07:51,481 [DEBUG]  Logged UserUtterance - tracker now has 16 events.
2025-02-18 18:07:51,481 [DEBUG]  Validating extracted slots: topic
2025-02-18 18:07:51,481 [DEBUG]  [[32m[1mdebug    [0m] [1mprocessor.extract.slots       [0m [36maction_extract_slot[0m=[35maction_extract_slots[0m [36mlen_extraction_events[0m=[35m1[0m [36mrasa_events[0m=[35m[SlotSet(key: topic, value: Привет)][0m
2025-02-18 18:07:51,483 [DEBUG]  Running graph with inputs: {'__tracker__': <rasa.shared.core.trackers.DialogueStateTracker object at 0x00000270BCB458D0>}, targets: ['select_prediction'] and ExecutionContext(model_id='25b51c4994f84047a6a2441cf4caf554', should_add_diagnostic_data=False, is_finetuning=False, node_name=None).
2025-02-18 18:07:51,484 [DEBUG]  Node 'rule_only_data_provider' running 'RuleOnlyDataProvider.provide'.
2025-02-18 18:07:51,484 [DEBUG]  Node 'domain_provider' running 'DomainProvider.provide_inference'.
2025-02-18 18:07:51,485 [DEBUG]  Node 'run_MemoizationPolicy0' running 'MemoizationPolicy.predict_action_probabilities'.
2025-02-18 18:07:51,486 [DEBUG]  [[32m[1mdebug    [0m] [1mmemoization.predict.actions   [0m [36mtracker_states[0m=[35m[{'user': {'intent': 'request_info'}, 'prev_action': {'action_name': 'utter_ask_more'}}, {'user': {'intent': 'request_info'}, 'prev_action': {'action_name': 'action_listen'}}][0m
2025-02-18 18:07:51,486 [DEBUG]  There is no memorised next action
2025-02-18 18:07:51,487 [DEBUG]  Node 'run_RulePolicy1' running 'RulePolicy.predict_action_probabilities'.
2025-02-18 18:07:51,487 [DEBUG]  [[32m[1mdebug    [0m] [1mrule_policy.actions.find      [0m [36mcurrent_states[0m=[35m
[state 1] user intent: request_info | previous action name: action_listen
[state 2] user intent: request_info | previous action name: utter_ask_more
[state 3] user intent: request_info | previous action name: action_listen
[state 4] user intent: request_info | previous action name: utter_ask_more
[state 5] user text: Привет | previous action name: action_listen[0m
2025-02-18 18:07:51,488 [DEBUG]  There is no applicable rule.
2025-02-18 18:07:51,488 [DEBUG]  [[32m[1mdebug    [0m] [1mrule_policy.actions.find      [0m [36mcurrent_states[0m=[35m
[state 1] user intent: request_info | previous action name: action_listen
[state 2] user intent: request_info | previous action name: utter_ask_more
[state 3] user intent: request_info | previous action name: action_listen
[state 4] user intent: request_info | previous action name: utter_ask_more
[state 5] user intent: request_info | previous action name: action_listen[0m
2025-02-18 18:07:51,489 [DEBUG]  There is a rule for the next action 'utter_ask_more'.
2025-02-18 18:07:51,489 [DEBUG]  Node 'run_TEDPolicy2' running 'TEDPolicy.predict_action_probabilities'.
2025-02-18 18:07:51,494 [DEBUG]  TED predicted 'action_default_ask_rephrase' based on user intent.
2025-02-18 18:07:51,494 [DEBUG]  Node 'select_prediction' running 'DefaultPolicyPredictionEnsemble.combine_predictions_from_kwargs'.
2025-02-18 18:07:51,495 [DEBUG]  Made prediction using user intent.
2025-02-18 18:07:51,495 [DEBUG]  Added `DefinePrevUserUtteredFeaturization(False)` event.
2025-02-18 18:07:51,495 [DEBUG]  Predicted next action using RulePolicy.
2025-02-18 18:07:51,495 [DEBUG]  Predicted next action 'utter_ask_more' with confidence 1.00.
2025-02-18 18:07:51,496 [DEBUG]  [[32m[1mdebug    [0m] [1mprocessor.actions.policy_prediction[0m [36mprediction_events[0m=[35m[<rasa.shared.core.events.DefinePrevUserUtteredFeaturization object at 0x00000270C037D180>][0m
2025-02-18 18:07:51,497 [DEBUG]  [[32m[1mdebug    [0m] [1mprocessor.actions.log         [0m [36maction_name[0m=[35mutter_ask_more[0m [36mrasa_events[0m=[35m[BotUttered('Что именно вас интересует в архитектуре программного обеспечения?', {"elements": null, "quick_replies": null, "buttons": null, "attachment": null, "image": null, "custom": null}, {"utter_action": "utter_ask_more"}, 1739891271.49629)][0m
2025-02-18 18:07:51,497 [DEBUG]  Running graph with inputs: {'__tracker__': <rasa.shared.core.trackers.DialogueStateTracker object at 0x00000270BCB458D0>}, targets: ['select_prediction'] and ExecutionContext(model_id='25b51c4994f84047a6a2441cf4caf554', should_add_diagnostic_data=False, is_finetuning=False, node_name=None).
2025-02-18 18:07:51,498 [DEBUG]  Node 'rule_only_data_provider' running 'RuleOnlyDataProvider.provide'.
2025-02-18 18:07:51,498 [DEBUG]  Node 'domain_provider' running 'DomainProvider.provide_inference'.
2025-02-18 18:07:51,499 [DEBUG]  Node 'run_MemoizationPolicy0' running 'MemoizationPolicy.predict_action_probabilities'.
2025-02-18 18:07:51,499 [DEBUG]  [[32m[1mdebug    [0m] [1mmemoization.predict.actions   [0m [36mtracker_states[0m=[35m[{'user': {'intent': 'request_info'}, 'prev_action': {'action_name': 'action_listen'}}, {'user': {'intent': 'request_info'}, 'prev_action': {'action_name': 'utter_ask_more'}}][0m
2025-02-18 18:07:51,501 [DEBUG]  There is a memorised next action 'action_listen'
2025-02-18 18:07:51,502 [DEBUG]  Node 'run_RulePolicy1' running 'RulePolicy.predict_action_probabilities'.
2025-02-18 18:07:51,503 [DEBUG]  [[32m[1mdebug    [0m] [1mrule_policy.actions.find      [0m [36mcurrent_states[0m=[35m
[state 1] user intent: request_info | previous action name: action_listen
[state 2] user intent: request_info | previous action name: utter_ask_more
[state 3] user intent: request_info | previous action name: action_listen
[state 4] user intent: request_info | previous action name: utter_ask_more
[state 5] user intent: request_info | previous action name: action_listen
[state 6] user intent: request_info | previous action name: utter_ask_more[0m
2025-02-18 18:07:51,503 [DEBUG]  There is a rule for the next action 'action_listen'.
2025-02-18 18:07:51,504 [DEBUG]  Node 'run_TEDPolicy2' running 'TEDPolicy.predict_action_probabilities'.
2025-02-18 18:07:51,508 [DEBUG]  TED predicted 'action_deactivate_loop' based on user intent.
2025-02-18 18:07:51,509 [DEBUG]  Node 'select_prediction' running 'DefaultPolicyPredictionEnsemble.combine_predictions_from_kwargs'.
2025-02-18 18:07:51,509 [DEBUG]  Predicted next action using RulePolicy.
2025-02-18 18:07:51,510 [DEBUG]  Predicted next action 'action_listen' with confidence 1.00.
2025-02-18 18:07:51,510 [DEBUG]  [[32m[1mdebug    [0m] [1mprocessor.actions.policy_prediction[0m [36mprediction_events[0m=[35m[][0m
2025-02-18 18:07:51,510 [DEBUG]  [[32m[1mdebug    [0m] [1mprocessor.actions.log         [0m [36maction_name[0m=[35maction_listen[0m [36mrasa_events[0m=[35m[][0m
2025-02-18 18:07:51,511 [DEBUG]  No event broker configured. Skipping streaming events.
2025-02-18 18:07:51,511 [DEBUG]  Deleted lock for conversation 'PractikumStudent'.
2025-02-18 18:08:09,572 [DEBUG]  Issuing ticket for conversation 'PractikumStudent'.
2025-02-18 18:08:09,572 [DEBUG]  Acquiring lock for conversation 'PractikumStudent'.
2025-02-18 18:08:09,572 [DEBUG]  Acquired lock for conversation 'PractikumStudent'.
2025-02-18 18:08:09,572 [DEBUG]  Recreating tracker for id 'PractikumStudent'
2025-02-18 18:08:09,575 [DEBUG]  Running graph with inputs: {'__message__': [<rasa.core.channels.channel.UserMessage object at 0x00000270BCB458D0>], '__tracker__': <rasa.shared.core.trackers.DialogueStateTracker object at 0x00000270C037DC30>}, targets: ['run_RegexMessageHandler'] and ExecutionContext(model_id='25b51c4994f84047a6a2441cf4caf554', should_add_diagnostic_data=False, is_finetuning=False, node_name=None).
2025-02-18 18:08:09,576 [DEBUG]  Node 'nlu_message_converter' running 'NLUMessageConverter.convert_user_message'.
2025-02-18 18:08:09,576 [DEBUG]  Node 'run_WhitespaceTokenizer0' running 'WhitespaceTokenizer.process'.
2025-02-18 18:08:09,576 [DEBUG]  Node 'run_RegexFeaturizer1' running 'RegexFeaturizer.process'.
2025-02-18 18:08:09,578 [DEBUG]  Node 'run_LexicalSyntacticFeaturizer2' running 'LexicalSyntacticFeaturizer.process'.
2025-02-18 18:08:09,579 [DEBUG]  Node 'run_CountVectorsFeaturizer3' running 'CountVectorsFeaturizer.process'.
2025-02-18 18:08:09,580 [DEBUG]  Node 'run_LanguageModelFeaturizer4' running 'LanguageModelFeaturizer.process'.
2025-02-18 18:08:09,948 [DEBUG]  Node 'run_DIETClassifier5' running 'DIETClassifier.process'.
2025-02-18 18:08:09,955 [DEBUG]  Node 'run_EntitySynonymMapper6' running 'EntitySynonymMapper.process'.
2025-02-18 18:08:09,956 [DEBUG]  Node 'run_ResponseSelector7' running 'ResponseSelector.process'.
2025-02-18 18:08:09,956 [DEBUG]  There is no trained model for 'ResponseSelector': The component is either not trained or didn't receive enough training data.
2025-02-18 18:08:09,956 [DEBUG]  Adding following selector key to message property: default
2025-02-18 18:08:09,957 [DEBUG]  Node 'domain_provider' running 'DomainProvider.provide_inference'.
2025-02-18 18:08:09,957 [DEBUG]  Node 'run_RegexMessageHandler' running 'RegexMessageHandler.process'.
2025-02-18 18:08:09,958 [DEBUG]  [[32m[1mdebug    [0m] [1mprocessor.message.parse       [0m [36mparse_data_entities[0m=[35m[][0m [36mparse_data_intent[0m=[35m{'name': 'request_info', 'confidence': 0.3096248507499695}[0m [36mparse_data_text[0m=[35mНу в принципе что это за штука такая микросервисное приложение[0m
2025-02-18 18:08:09,959 [DEBUG]  Logged UserUtterance - tracker now has 22 events.
2025-02-18 18:08:09,959 [DEBUG]  Validating extracted slots: topic
2025-02-18 18:08:09,959 [DEBUG]  [[32m[1mdebug    [0m] [1mprocessor.extract.slots       [0m [36maction_extract_slot[0m=[35maction_extract_slots[0m [36mlen_extraction_events[0m=[35m1[0m [36mrasa_events[0m=[35m[SlotSet(key: topic, value: Ну в принципе что это за штука такая микросервисное приложение)][0m
2025-02-18 18:08:09,961 [DEBUG]  Running graph with inputs: {'__tracker__': <rasa.shared.core.trackers.DialogueStateTracker object at 0x00000270C037DC30>}, targets: ['select_prediction'] and ExecutionContext(model_id='25b51c4994f84047a6a2441cf4caf554', should_add_diagnostic_data=False, is_finetuning=False, node_name=None).
2025-02-18 18:08:09,961 [DEBUG]  Node 'rule_only_data_provider' running 'RuleOnlyDataProvider.provide'.
2025-02-18 18:08:09,962 [DEBUG]  Node 'domain_provider' running 'DomainProvider.provide_inference'.
2025-02-18 18:08:09,962 [DEBUG]  Node 'run_MemoizationPolicy0' running 'MemoizationPolicy.predict_action_probabilities'.
2025-02-18 18:08:09,963 [DEBUG]  [[32m[1mdebug    [0m] [1mmemoization.predict.actions   [0m [36mtracker_states[0m=[35m[{'user': {'intent': 'request_info'}, 'prev_action': {'action_name': 'utter_ask_more'}}, {'user': {'intent': 'request_info'}, 'prev_action': {'action_name': 'action_listen'}}][0m
2025-02-18 18:08:09,964 [DEBUG]  There is no memorised next action
2025-02-18 18:08:09,964 [DEBUG]  Node 'run_RulePolicy1' running 'RulePolicy.predict_action_probabilities'.
2025-02-18 18:08:09,965 [DEBUG]  [[32m[1mdebug    [0m] [1mrule_policy.actions.find      [0m [36mcurrent_states[0m=[35m
[state 1] user intent: request_info | previous action name: action_listen
[state 2] user intent: request_info | previous action name: utter_ask_more
[state 3] user intent: request_info | previous action name: action_listen
[state 4] user intent: request_info | previous action name: utter_ask_more
[state 5] user intent: request_info | previous action name: action_listen
[state 6] user intent: request_info | previous action name: utter_ask_more
[state 7] user text: Ну в принципе что это за штука такая микросервисное приложение | previous action name: action_listen[0m
2025-02-18 18:08:09,966 [DEBUG]  There is no applicable rule.
2025-02-18 18:08:09,966 [DEBUG]  [[32m[1mdebug    [0m] [1mrule_policy.actions.find      [0m [36mcurrent_states[0m=[35m
[state 1] user intent: request_info | previous action name: action_listen
[state 2] user intent: request_info | previous action name: utter_ask_more
[state 3] user intent: request_info | previous action name: action_listen
[state 4] user intent: request_info | previous action name: utter_ask_more
[state 5] user intent: request_info | previous action name: action_listen
[state 6] user intent: request_info | previous action name: utter_ask_more
[state 7] user intent: request_info | previous action name: action_listen[0m
2025-02-18 18:08:09,967 [DEBUG]  There is a rule for the next action 'utter_ask_more'.
2025-02-18 18:08:09,967 [DEBUG]  Node 'run_TEDPolicy2' running 'TEDPolicy.predict_action_probabilities'.
2025-02-18 18:08:09,973 [DEBUG]  TED predicted 'action_default_ask_rephrase' based on user intent.
2025-02-18 18:08:09,973 [DEBUG]  Node 'select_prediction' running 'DefaultPolicyPredictionEnsemble.combine_predictions_from_kwargs'.
2025-02-18 18:08:09,973 [DEBUG]  Made prediction using user intent.
2025-02-18 18:08:09,974 [DEBUG]  Added `DefinePrevUserUtteredFeaturization(False)` event.
2025-02-18 18:08:09,974 [DEBUG]  Predicted next action using RulePolicy.
2025-02-18 18:08:09,974 [DEBUG]  Predicted next action 'utter_ask_more' with confidence 1.00.
2025-02-18 18:08:09,975 [DEBUG]  [[32m[1mdebug    [0m] [1mprocessor.actions.policy_prediction[0m [36mprediction_events[0m=[35m[<rasa.shared.core.events.DefinePrevUserUtteredFeaturization object at 0x00000270BF1935E0>][0m
2025-02-18 18:08:09,976 [DEBUG]  [[32m[1mdebug    [0m] [1mprocessor.actions.log         [0m [36maction_name[0m=[35mutter_ask_more[0m [36mrasa_events[0m=[35m[BotUttered('Что именно вас интересует в архитектуре программного обеспечения?', {"elements": null, "quick_replies": null, "buttons": null, "attachment": null, "image": null, "custom": null}, {"utter_action": "utter_ask_more"}, 1739891289.9759517)][0m
2025-02-18 18:08:09,976 [DEBUG]  Running graph with inputs: {'__tracker__': <rasa.shared.core.trackers.DialogueStateTracker object at 0x00000270C037DC30>}, targets: ['select_prediction'] and ExecutionContext(model_id='25b51c4994f84047a6a2441cf4caf554', should_add_diagnostic_data=False, is_finetuning=False, node_name=None).
2025-02-18 18:08:09,977 [DEBUG]  Node 'rule_only_data_provider' running 'RuleOnlyDataProvider.provide'.
2025-02-18 18:08:09,978 [DEBUG]  Node 'domain_provider' running 'DomainProvider.provide_inference'.
2025-02-18 18:08:09,978 [DEBUG]  Node 'run_MemoizationPolicy0' running 'MemoizationPolicy.predict_action_probabilities'.
2025-02-18 18:08:09,979 [DEBUG]  [[32m[1mdebug    [0m] [1mmemoization.predict.actions   [0m [36mtracker_states[0m=[35m[{'user': {'intent': 'request_info'}, 'prev_action': {'action_name': 'action_listen'}}, {'user': {'intent': 'request_info'}, 'prev_action': {'action_name': 'utter_ask_more'}}][0m
2025-02-18 18:08:09,979 [DEBUG]  There is a memorised next action 'action_listen'
2025-02-18 18:08:09,979 [DEBUG]  Node 'run_RulePolicy1' running 'RulePolicy.predict_action_probabilities'.
2025-02-18 18:08:09,981 [DEBUG]  [[32m[1mdebug    [0m] [1mrule_policy.actions.find      [0m [36mcurrent_states[0m=[35m
[state 1] user intent: request_info | previous action name: action_listen
[state 2] user intent: request_info | previous action name: utter_ask_more
[state 3] user intent: request_info | previous action name: action_listen
[state 4] user intent: request_info | previous action name: utter_ask_more
[state 5] user intent: request_info | previous action name: action_listen
[state 6] user intent: request_info | previous action name: utter_ask_more
[state 7] user intent: request_info | previous action name: action_listen
[state 8] user intent: request_info | previous action name: utter_ask_more[0m
2025-02-18 18:08:09,982 [DEBUG]  There is a rule for the next action 'action_listen'.
2025-02-18 18:08:09,982 [DEBUG]  Node 'run_TEDPolicy2' running 'TEDPolicy.predict_action_probabilities'.
2025-02-18 18:08:09,988 [DEBUG]  TED predicted 'action_deactivate_loop' based on user intent.
2025-02-18 18:08:09,989 [DEBUG]  Node 'select_prediction' running 'DefaultPolicyPredictionEnsemble.combine_predictions_from_kwargs'.
2025-02-18 18:08:09,989 [DEBUG]  Predicted next action using RulePolicy.
2025-02-18 18:08:09,990 [DEBUG]  Predicted next action 'action_listen' with confidence 1.00.
2025-02-18 18:08:09,990 [DEBUG]  [[32m[1mdebug    [0m] [1mprocessor.actions.policy_prediction[0m [36mprediction_events[0m=[35m[][0m
2025-02-18 18:08:09,991 [DEBUG]  [[32m[1mdebug    [0m] [1mprocessor.actions.log         [0m [36maction_name[0m=[35maction_listen[0m [36mrasa_events[0m=[35m[][0m
2025-02-18 18:08:09,991 [DEBUG]  No event broker configured. Skipping streaming events.
2025-02-18 18:08:09,992 [DEBUG]  Deleted lock for conversation 'PractikumStudent'.
2025-02-18 18:08:22,432 [DEBUG]  Issuing ticket for conversation 'PractikumStudent'.
2025-02-18 18:08:22,432 [DEBUG]  Acquiring lock for conversation 'PractikumStudent'.
2025-02-18 18:08:22,432 [DEBUG]  Acquired lock for conversation 'PractikumStudent'.
2025-02-18 18:08:22,433 [DEBUG]  Recreating tracker for id 'PractikumStudent'
2025-02-18 18:08:22,435 [DEBUG]  Running graph with inputs: {'__message__': [<rasa.core.channels.channel.UserMessage object at 0x00000270BCB458D0>], '__tracker__': <rasa.shared.core.trackers.DialogueStateTracker object at 0x00000270C037D930>}, targets: ['run_RegexMessageHandler'] and ExecutionContext(model_id='25b51c4994f84047a6a2441cf4caf554', should_add_diagnostic_data=False, is_finetuning=False, node_name=None).
2025-02-18 18:08:22,435 [DEBUG]  Node 'nlu_message_converter' running 'NLUMessageConverter.convert_user_message'.
2025-02-18 18:08:22,436 [DEBUG]  Node 'run_WhitespaceTokenizer0' running 'WhitespaceTokenizer.process'.
2025-02-18 18:08:22,436 [DEBUG]  Node 'run_RegexFeaturizer1' running 'RegexFeaturizer.process'.
2025-02-18 18:08:22,436 [DEBUG]  Node 'run_LexicalSyntacticFeaturizer2' running 'LexicalSyntacticFeaturizer.process'.
2025-02-18 18:08:22,437 [DEBUG]  Node 'run_CountVectorsFeaturizer3' running 'CountVectorsFeaturizer.process'.
2025-02-18 18:08:22,438 [DEBUG]  Node 'run_LanguageModelFeaturizer4' running 'LanguageModelFeaturizer.process'.
2025-02-18 18:08:22,712 [DEBUG]  Node 'run_DIETClassifier5' running 'DIETClassifier.process'.
2025-02-18 18:08:22,719 [DEBUG]  Node 'run_EntitySynonymMapper6' running 'EntitySynonymMapper.process'.
2025-02-18 18:08:22,720 [DEBUG]  Node 'run_ResponseSelector7' running 'ResponseSelector.process'.
2025-02-18 18:08:22,720 [DEBUG]  There is no trained model for 'ResponseSelector': The component is either not trained or didn't receive enough training data.
2025-02-18 18:08:22,721 [DEBUG]  Adding following selector key to message property: default
2025-02-18 18:08:22,721 [DEBUG]  Node 'domain_provider' running 'DomainProvider.provide_inference'.
2025-02-18 18:08:22,722 [DEBUG]  Node 'run_RegexMessageHandler' running 'RegexMessageHandler.process'.
2025-02-18 18:08:22,723 [DEBUG]  [[32m[1mdebug    [0m] [1mprocessor.message.parse       [0m [36mparse_data_entities[0m=[35m[][0m [36mparse_data_intent[0m=[35m{'name': 'ask_architecture', 'confidence': 0.2880597710609436}[0m [36mparse_data_text[0m=[35mа что ты можешь рассказать?[0m
2025-02-18 18:08:22,724 [DEBUG]  Logged UserUtterance - tracker now has 28 events.
2025-02-18 18:08:22,724 [DEBUG]  Validating extracted slots: topic
2025-02-18 18:08:22,724 [DEBUG]  [[32m[1mdebug    [0m] [1mprocessor.extract.slots       [0m [36maction_extract_slot[0m=[35maction_extract_slots[0m [36mlen_extraction_events[0m=[35m1[0m [36mrasa_events[0m=[35m[SlotSet(key: topic, value: а что ты можешь рассказать?)][0m
2025-02-18 18:08:22,724 [DEBUG]  Running graph with inputs: {'__tracker__': <rasa.shared.core.trackers.DialogueStateTracker object at 0x00000270C037D930>}, targets: ['select_prediction'] and ExecutionContext(model_id='25b51c4994f84047a6a2441cf4caf554', should_add_diagnostic_data=False, is_finetuning=False, node_name=None).
2025-02-18 18:08:22,725 [DEBUG]  Node 'rule_only_data_provider' running 'RuleOnlyDataProvider.provide'.
2025-02-18 18:08:22,725 [DEBUG]  Node 'domain_provider' running 'DomainProvider.provide_inference'.
2025-02-18 18:08:22,726 [DEBUG]  Node 'run_MemoizationPolicy0' running 'MemoizationPolicy.predict_action_probabilities'.
2025-02-18 18:08:22,726 [DEBUG]  [[32m[1mdebug    [0m] [1mmemoization.predict.actions   [0m [36mtracker_states[0m=[35m[{'user': {'intent': 'request_info'}, 'prev_action': {'action_name': 'utter_ask_more'}}, {'user': {'intent': 'ask_architecture'}, 'prev_action': {'action_name': 'action_listen'}}][0m
2025-02-18 18:08:22,726 [DEBUG]  There is no memorised next action
2025-02-18 18:08:22,727 [DEBUG]  Node 'run_RulePolicy1' running 'RulePolicy.predict_action_probabilities'.
2025-02-18 18:08:22,727 [DEBUG]  [[32m[1mdebug    [0m] [1mrule_policy.actions.find      [0m [36mcurrent_states[0m=[35m
[state 1] user intent: request_info | previous action name: action_listen
[state 2] user intent: request_info | previous action name: utter_ask_more
[state 3] user intent: request_info | previous action name: action_listen
[state 4] user intent: request_info | previous action name: utter_ask_more
[state 5] user intent: request_info | previous action name: action_listen
[state 6] user intent: request_info | previous action name: utter_ask_more
[state 7] user intent: request_info | previous action name: action_listen
[state 8] user intent: request_info | previous action name: utter_ask_more
[state 9] user text: а что ты можешь рассказать? | previous action name: action_listen[0m
2025-02-18 18:08:22,728 [DEBUG]  There is no applicable rule.
2025-02-18 18:08:22,728 [DEBUG]  [[32m[1mdebug    [0m] [1mrule_policy.actions.find      [0m [36mcurrent_states[0m=[35m
[state 1] user intent: request_info | previous action name: action_listen
[state 2] user intent: request_info | previous action name: utter_ask_more
[state 3] user intent: request_info | previous action name: action_listen
[state 4] user intent: request_info | previous action name: utter_ask_more
[state 5] user intent: request_info | previous action name: action_listen
[state 6] user intent: request_info | previous action name: utter_ask_more
[state 7] user intent: request_info | previous action name: action_listen
[state 8] user intent: request_info | previous action name: utter_ask_more
[state 9] user intent: ask_architecture | previous action name: action_listen[0m
2025-02-18 18:08:22,728 [DEBUG]  There is a rule for the next action 'utter_architecture_response'.
2025-02-18 18:08:22,729 [DEBUG]  Node 'run_TEDPolicy2' running 'TEDPolicy.predict_action_probabilities'.
2025-02-18 18:08:22,735 [DEBUG]  TED predicted 'utter_goodbye' based on user intent.
2025-02-18 18:08:22,736 [DEBUG]  Node 'select_prediction' running 'DefaultPolicyPredictionEnsemble.combine_predictions_from_kwargs'.
2025-02-18 18:08:22,736 [DEBUG]  Made prediction using user intent.
2025-02-18 18:08:22,736 [DEBUG]  Added `DefinePrevUserUtteredFeaturization(False)` event.
2025-02-18 18:08:22,736 [DEBUG]  Predicted next action using RulePolicy.
2025-02-18 18:08:22,737 [DEBUG]  Predicted next action 'utter_architecture_response' with confidence 1.00.
2025-02-18 18:08:22,737 [DEBUG]  [[32m[1mdebug    [0m] [1mprocessor.actions.policy_prediction[0m [36mprediction_events[0m=[35m[<rasa.shared.core.events.DefinePrevUserUtteredFeaturization object at 0x00000270BF190430>][0m
2025-02-18 18:08:22,738 [DEBUG]  [[32m[1mdebug    [0m] [1mprocessor.actions.log         [0m [36maction_name[0m=[35mutter_architecture_response[0m [36mrasa_events[0m=[35m[BotUttered('Архитектура ПО включает выбор структур, которые обеспечивают масштабируемость, гибкость и поддерживаемость приложения. Задайте конкретный вопрос по этой теме, и я помогу вам с информацией.', {"elements": null, "quick_replies": null, "buttons": null, "attachment": null, "image": null, "custom": null}, {"utter_action": "utter_architecture_response"}, 1739891302.7375088)][0m
2025-02-18 18:08:22,738 [DEBUG]  Running graph with inputs: {'__tracker__': <rasa.shared.core.trackers.DialogueStateTracker object at 0x00000270C037D930>}, targets: ['select_prediction'] and ExecutionContext(model_id='25b51c4994f84047a6a2441cf4caf554', should_add_diagnostic_data=False, is_finetuning=False, node_name=None).
2025-02-18 18:08:22,739 [DEBUG]  Node 'rule_only_data_provider' running 'RuleOnlyDataProvider.provide'.
2025-02-18 18:08:22,739 [DEBUG]  Node 'domain_provider' running 'DomainProvider.provide_inference'.
2025-02-18 18:08:22,739 [DEBUG]  Node 'run_MemoizationPolicy0' running 'MemoizationPolicy.predict_action_probabilities'.
2025-02-18 18:08:22,739 [DEBUG]  [[32m[1mdebug    [0m] [1mmemoization.predict.actions   [0m [36mtracker_states[0m=[35m[{'user': {'intent': 'ask_architecture'}, 'prev_action': {'action_name': 'action_listen'}}, {'user': {'intent': 'ask_architecture'}, 'prev_action': {'action_name': 'utter_architecture_response'}}][0m
2025-02-18 18:08:22,741 [DEBUG]  There is a memorised next action 'action_listen'
2025-02-18 18:08:22,741 [DEBUG]  Node 'run_RulePolicy1' running 'RulePolicy.predict_action_probabilities'.
2025-02-18 18:08:22,741 [DEBUG]  [[32m[1mdebug    [0m] [1mrule_policy.actions.find      [0m [36mcurrent_states[0m=[35m
[state 1] user intent: request_info | previous action name: action_listen
[state 2] user intent: request_info | previous action name: utter_ask_more
[state 3] user intent: request_info | previous action name: action_listen
[state 4] user intent: request_info | previous action name: utter_ask_more
[state 5] user intent: request_info | previous action name: action_listen
[state 6] user intent: request_info | previous action name: utter_ask_more
[state 7] user intent: request_info | previous action name: action_listen
[state 8] user intent: request_info | previous action name: utter_ask_more
[state 9] user intent: ask_architecture | previous action name: action_listen
[state 10] user intent: ask_architecture | previous action name: utter_architecture_response[0m
2025-02-18 18:08:22,742 [DEBUG]  There is a rule for the next action 'action_listen'.
2025-02-18 18:08:22,742 [DEBUG]  Node 'run_TEDPolicy2' running 'TEDPolicy.predict_action_probabilities'.
2025-02-18 18:08:22,747 [DEBUG]  TED predicted 'action_revert_fallback_events' based on user intent.
2025-02-18 18:08:22,748 [DEBUG]  Node 'select_prediction' running 'DefaultPolicyPredictionEnsemble.combine_predictions_from_kwargs'.
2025-02-18 18:08:22,748 [DEBUG]  Predicted next action using RulePolicy.
2025-02-18 18:08:22,748 [DEBUG]  Predicted next action 'action_listen' with confidence 1.00.
2025-02-18 18:08:22,749 [DEBUG]  [[32m[1mdebug    [0m] [1mprocessor.actions.policy_prediction[0m [36mprediction_events[0m=[35m[][0m
2025-02-18 18:08:22,749 [DEBUG]  [[32m[1mdebug    [0m] [1mprocessor.actions.log         [0m [36maction_name[0m=[35maction_listen[0m [36mrasa_events[0m=[35m[][0m
2025-02-18 18:08:22,749 [DEBUG]  No event broker configured. Skipping streaming events.
2025-02-18 18:08:22,751 [DEBUG]  Deleted lock for conversation 'PractikumStudent'.
2025-02-18 18:08:35,665 [DEBUG]  Issuing ticket for conversation 'PractikumStudent'.
2025-02-18 18:08:35,665 [DEBUG]  Acquiring lock for conversation 'PractikumStudent'.
2025-02-18 18:08:35,666 [DEBUG]  Acquired lock for conversation 'PractikumStudent'.
2025-02-18 18:08:35,666 [DEBUG]  Recreating tracker for id 'PractikumStudent'
2025-02-18 18:08:35,669 [DEBUG]  Running graph with inputs: {'__message__': [<rasa.core.channels.channel.UserMessage object at 0x00000270BCB45780>], '__tracker__': <rasa.shared.core.trackers.DialogueStateTracker object at 0x00000270C037F340>}, targets: ['run_RegexMessageHandler'] and ExecutionContext(model_id='25b51c4994f84047a6a2441cf4caf554', should_add_diagnostic_data=False, is_finetuning=False, node_name=None).
2025-02-18 18:08:35,671 [DEBUG]  Node 'nlu_message_converter' running 'NLUMessageConverter.convert_user_message'.
2025-02-18 18:08:35,672 [DEBUG]  Node 'run_WhitespaceTokenizer0' running 'WhitespaceTokenizer.process'.
2025-02-18 18:08:35,672 [DEBUG]  Node 'run_RegexFeaturizer1' running 'RegexFeaturizer.process'.
2025-02-18 18:08:35,673 [DEBUG]  Node 'run_LexicalSyntacticFeaturizer2' running 'LexicalSyntacticFeaturizer.process'.
2025-02-18 18:08:35,675 [DEBUG]  Node 'run_CountVectorsFeaturizer3' running 'CountVectorsFeaturizer.process'.
2025-02-18 18:08:35,675 [DEBUG]  Node 'run_LanguageModelFeaturizer4' running 'LanguageModelFeaturizer.process'.
2025-02-18 18:08:36,039 [DEBUG]  Node 'run_DIETClassifier5' running 'DIETClassifier.process'.
2025-02-18 18:08:36,045 [DEBUG]  Node 'run_EntitySynonymMapper6' running 'EntitySynonymMapper.process'.
2025-02-18 18:08:36,045 [DEBUG]  Node 'run_ResponseSelector7' running 'ResponseSelector.process'.
2025-02-18 18:08:36,045 [DEBUG]  There is no trained model for 'ResponseSelector': The component is either not trained or didn't receive enough training data.
2025-02-18 18:08:36,046 [DEBUG]  Adding following selector key to message property: default
2025-02-18 18:08:36,046 [DEBUG]  Node 'domain_provider' running 'DomainProvider.provide_inference'.
2025-02-18 18:08:36,048 [DEBUG]  Node 'run_RegexMessageHandler' running 'RegexMessageHandler.process'.
2025-02-18 18:08:36,048 [DEBUG]  [[32m[1mdebug    [0m] [1mprocessor.message.parse       [0m [36mparse_data_entities[0m=[35m[][0m [36mparse_data_intent[0m=[35m{'name': 'ask_architecture', 'confidence': 0.2824557423591614}[0m [36mparse_data_text[0m=[35mа какие паттерны есть в микросервисах[0m
2025-02-18 18:08:36,049 [DEBUG]  Logged UserUtterance - tracker now has 34 events.
2025-02-18 18:08:36,050 [DEBUG]  Validating extracted slots: topic
2025-02-18 18:08:36,050 [DEBUG]  [[32m[1mdebug    [0m] [1mprocessor.extract.slots       [0m [36maction_extract_slot[0m=[35maction_extract_slots[0m [36mlen_extraction_events[0m=[35m1[0m [36mrasa_events[0m=[35m[SlotSet(key: topic, value: а какие паттерны есть в микросервисах)][0m
2025-02-18 18:08:36,051 [DEBUG]  Running graph with inputs: {'__tracker__': <rasa.shared.core.trackers.DialogueStateTracker object at 0x00000270C037F340>}, targets: ['select_prediction'] and ExecutionContext(model_id='25b51c4994f84047a6a2441cf4caf554', should_add_diagnostic_data=False, is_finetuning=False, node_name=None).
2025-02-18 18:08:36,051 [DEBUG]  Node 'rule_only_data_provider' running 'RuleOnlyDataProvider.provide'.
2025-02-18 18:08:36,051 [DEBUG]  Node 'domain_provider' running 'DomainProvider.provide_inference'.
2025-02-18 18:08:36,052 [DEBUG]  Node 'run_MemoizationPolicy0' running 'MemoizationPolicy.predict_action_probabilities'.
2025-02-18 18:08:36,053 [DEBUG]  [[32m[1mdebug    [0m] [1mmemoization.predict.actions   [0m [36mtracker_states[0m=[35m[{'user': {'intent': 'ask_architecture'}, 'prev_action': {'action_name': 'utter_architecture_response'}}, {'user': {'intent': 'ask_architecture'}, 'prev_action': {'action_name': 'action_listen'}}][0m
2025-02-18 18:08:36,054 [DEBUG]  There is no memorised next action
2025-02-18 18:08:36,054 [DEBUG]  Node 'run_RulePolicy1' running 'RulePolicy.predict_action_probabilities'.
2025-02-18 18:08:36,054 [DEBUG]  [[32m[1mdebug    [0m] [1mrule_policy.actions.find      [0m [36mcurrent_states[0m=[35m
[state 1] user intent: request_info | previous action name: action_listen
[state 2] user intent: request_info | previous action name: utter_ask_more
[state 3] user intent: request_info | previous action name: action_listen
[state 4] user intent: request_info | previous action name: utter_ask_more
[state 5] user intent: request_info | previous action name: action_listen
[state 6] user intent: request_info | previous action name: utter_ask_more
[state 7] user intent: request_info | previous action name: action_listen
[state 8] user intent: request_info | previous action name: utter_ask_more
[state 9] user intent: ask_architecture | previous action name: action_listen
[state 10] user intent: ask_architecture | previous action name: utter_architecture_response
[state 11] user text: а какие паттерны есть в микросервисах | previous action name: action_listen[0m
2025-02-18 18:08:36,055 [DEBUG]  There is no applicable rule.
2025-02-18 18:08:36,056 [DEBUG]  [[32m[1mdebug    [0m] [1mrule_policy.actions.find      [0m [36mcurrent_states[0m=[35m
[state 1] user intent: request_info | previous action name: action_listen
[state 2] user intent: request_info | previous action name: utter_ask_more
[state 3] user intent: request_info | previous action name: action_listen
[state 4] user intent: request_info | previous action name: utter_ask_more
[state 5] user intent: request_info | previous action name: action_listen
[state 6] user intent: request_info | previous action name: utter_ask_more
[state 7] user intent: request_info | previous action name: action_listen
[state 8] user intent: request_info | previous action name: utter_ask_more
[state 9] user intent: ask_architecture | previous action name: action_listen
[state 10] user intent: ask_architecture | previous action name: utter_architecture_response
[state 11] user intent: ask_architecture | previous action name: action_listen[0m
2025-02-18 18:08:36,056 [DEBUG]  There is a rule for the next action 'utter_architecture_response'.
2025-02-18 18:08:36,057 [DEBUG]  Node 'run_TEDPolicy2' running 'TEDPolicy.predict_action_probabilities'.
2025-02-18 18:08:36,063 [DEBUG]  TED predicted 'utter_goodbye' based on user intent.
2025-02-18 18:08:36,064 [DEBUG]  Node 'select_prediction' running 'DefaultPolicyPredictionEnsemble.combine_predictions_from_kwargs'.
2025-02-18 18:08:36,064 [DEBUG]  Made prediction using user intent.
2025-02-18 18:08:36,064 [DEBUG]  Added `DefinePrevUserUtteredFeaturization(False)` event.
2025-02-18 18:08:36,064 [DEBUG]  Predicted next action using RulePolicy.
2025-02-18 18:08:36,065 [DEBUG]  Predicted next action 'utter_architecture_response' with confidence 1.00.
2025-02-18 18:08:36,066 [DEBUG]  [[32m[1mdebug    [0m] [1mprocessor.actions.policy_prediction[0m [36mprediction_events[0m=[35m[<rasa.shared.core.events.DefinePrevUserUtteredFeaturization object at 0x00000270BF192CE0>][0m
2025-02-18 18:08:36,066 [DEBUG]  [[32m[1mdebug    [0m] [1mprocessor.actions.log         [0m [36maction_name[0m=[35mutter_architecture_response[0m [36mrasa_events[0m=[35m[BotUttered('Архитектура ПО включает выбор структур, которые обеспечивают масштабируемость, гибкость и поддерживаемость приложения. Задайте конкретный вопрос по этой теме, и я помогу вам с информацией.', {"elements": null, "quick_replies": null, "buttons": null, "attachment": null, "image": null, "custom": null}, {"utter_action": "utter_architecture_response"}, 1739891316.0662606)][0m
2025-02-18 18:08:36,067 [DEBUG]  Running graph with inputs: {'__tracker__': <rasa.shared.core.trackers.DialogueStateTracker object at 0x00000270C037F340>}, targets: ['select_prediction'] and ExecutionContext(model_id='25b51c4994f84047a6a2441cf4caf554', should_add_diagnostic_data=False, is_finetuning=False, node_name=None).
2025-02-18 18:08:36,068 [DEBUG]  Node 'rule_only_data_provider' running 'RuleOnlyDataProvider.provide'.
2025-02-18 18:08:36,068 [DEBUG]  Node 'domain_provider' running 'DomainProvider.provide_inference'.
2025-02-18 18:08:36,068 [DEBUG]  Node 'run_MemoizationPolicy0' running 'MemoizationPolicy.predict_action_probabilities'.
2025-02-18 18:08:36,069 [DEBUG]  [[32m[1mdebug    [0m] [1mmemoization.predict.actions   [0m [36mtracker_states[0m=[35m[{'user': {'intent': 'ask_architecture'}, 'prev_action': {'action_name': 'action_listen'}}, {'user': {'intent': 'ask_architecture'}, 'prev_action': {'action_name': 'utter_architecture_response'}}][0m
2025-02-18 18:08:36,069 [DEBUG]  There is a memorised next action 'action_listen'
2025-02-18 18:08:36,069 [DEBUG]  Node 'run_RulePolicy1' running 'RulePolicy.predict_action_probabilities'.
2025-02-18 18:08:36,070 [DEBUG]  [[32m[1mdebug    [0m] [1mrule_policy.actions.find      [0m [36mcurrent_states[0m=[35m
[state 1] user intent: request_info | previous action name: action_listen
[state 2] user intent: request_info | previous action name: utter_ask_more
[state 3] user intent: request_info | previous action name: action_listen
[state 4] user intent: request_info | previous action name: utter_ask_more
[state 5] user intent: request_info | previous action name: action_listen
[state 6] user intent: request_info | previous action name: utter_ask_more
[state 7] user intent: request_info | previous action name: action_listen
[state 8] user intent: request_info | previous action name: utter_ask_more
[state 9] user intent: ask_architecture | previous action name: action_listen
[state 10] user intent: ask_architecture | previous action name: utter_architecture_response
[state 11] user intent: ask_architecture | previous action name: action_listen
[state 12] user intent: ask_architecture | previous action name: utter_architecture_response[0m
2025-02-18 18:08:36,071 [DEBUG]  There is a rule for the next action 'action_listen'.
2025-02-18 18:08:36,071 [DEBUG]  Node 'run_TEDPolicy2' running 'TEDPolicy.predict_action_probabilities'.
2025-02-18 18:08:36,079 [DEBUG]  TED predicted 'action_revert_fallback_events' based on user intent.
2025-02-18 18:08:36,079 [DEBUG]  Node 'select_prediction' running 'DefaultPolicyPredictionEnsemble.combine_predictions_from_kwargs'.
2025-02-18 18:08:36,080 [DEBUG]  Predicted next action using RulePolicy.
2025-02-18 18:08:36,080 [DEBUG]  Predicted next action 'action_listen' with confidence 1.00.
2025-02-18 18:08:36,082 [DEBUG]  [[32m[1mdebug    [0m] [1mprocessor.actions.policy_prediction[0m [36mprediction_events[0m=[35m[][0m
2025-02-18 18:08:36,082 [DEBUG]  [[32m[1mdebug    [0m] [1mprocessor.actions.log         [0m [36maction_name[0m=[35maction_listen[0m [36mrasa_events[0m=[35m[][0m
2025-02-18 18:08:36,082 [DEBUG]  No event broker configured. Skipping streaming events.
2025-02-18 18:08:36,083 [DEBUG]  Deleted lock for conversation 'PractikumStudent'.
2025-02-18 18:11:25,238 [DEBUG]  Issuing ticket for conversation 'PractikumStudent'.
2025-02-18 18:11:25,238 [DEBUG]  Acquiring lock for conversation 'PractikumStudent'.
2025-02-18 18:11:25,239 [DEBUG]  Acquired lock for conversation 'PractikumStudent'.
2025-02-18 18:11:25,239 [DEBUG]  Recreating tracker for id 'PractikumStudent'
2025-02-18 18:11:25,243 [DEBUG]  Running graph with inputs: {'__message__': [<rasa.core.channels.channel.UserMessage object at 0x00000270BCB44580>], '__tracker__': <rasa.shared.core.trackers.DialogueStateTracker object at 0x00000270BCB450C0>}, targets: ['run_RegexMessageHandler'] and ExecutionContext(model_id='25b51c4994f84047a6a2441cf4caf554', should_add_diagnostic_data=False, is_finetuning=False, node_name=None).
2025-02-18 18:11:25,244 [DEBUG]  Node 'nlu_message_converter' running 'NLUMessageConverter.convert_user_message'.
2025-02-18 18:11:25,245 [DEBUG]  Node 'run_WhitespaceTokenizer0' running 'WhitespaceTokenizer.process'.
2025-02-18 18:11:25,245 [DEBUG]  Node 'run_RegexFeaturizer1' running 'RegexFeaturizer.process'.
2025-02-18 18:11:25,246 [DEBUG]  Node 'run_LexicalSyntacticFeaturizer2' running 'LexicalSyntacticFeaturizer.process'.
2025-02-18 18:11:25,246 [DEBUG]  Node 'run_CountVectorsFeaturizer3' running 'CountVectorsFeaturizer.process'.
2025-02-18 18:11:25,247 [DEBUG]  Node 'run_LanguageModelFeaturizer4' running 'LanguageModelFeaturizer.process'.
2025-02-18 18:11:25,494 [DEBUG]  Node 'run_DIETClassifier5' running 'DIETClassifier.process'.
2025-02-18 18:11:25,501 [DEBUG]  Node 'run_EntitySynonymMapper6' running 'EntitySynonymMapper.process'.
2025-02-18 18:11:25,501 [DEBUG]  Node 'run_ResponseSelector7' running 'ResponseSelector.process'.
2025-02-18 18:11:25,502 [DEBUG]  There is no trained model for 'ResponseSelector': The component is either not trained or didn't receive enough training data.
2025-02-18 18:11:25,502 [DEBUG]  Adding following selector key to message property: default
2025-02-18 18:11:25,502 [DEBUG]  Node 'domain_provider' running 'DomainProvider.provide_inference'.
2025-02-18 18:11:25,503 [DEBUG]  Node 'run_RegexMessageHandler' running 'RegexMessageHandler.process'.
2025-02-18 18:11:25,503 [DEBUG]  [[32m[1mdebug    [0m] [1mprocessor.message.parse       [0m [36mparse_data_entities[0m=[35m[][0m [36mparse_data_intent[0m=[35m{'name': 'ask_architecture', 'confidence': 0.24172402918338776}[0m [36mparse_data_text[0m=[35mрасскажи про паттерн сага[0m
2025-02-18 18:11:25,504 [DEBUG]  Logged UserUtterance - tracker now has 40 events.
2025-02-18 18:11:25,505 [DEBUG]  Validating extracted slots: topic
2025-02-18 18:11:25,505 [DEBUG]  [[32m[1mdebug    [0m] [1mprocessor.extract.slots       [0m [36maction_extract_slot[0m=[35maction_extract_slots[0m [36mlen_extraction_events[0m=[35m1[0m [36mrasa_events[0m=[35m[SlotSet(key: topic, value: расскажи про паттерн сага)][0m
2025-02-18 18:11:25,506 [DEBUG]  Running graph with inputs: {'__tracker__': <rasa.shared.core.trackers.DialogueStateTracker object at 0x00000270BCB450C0>}, targets: ['select_prediction'] and ExecutionContext(model_id='25b51c4994f84047a6a2441cf4caf554', should_add_diagnostic_data=False, is_finetuning=False, node_name=None).
2025-02-18 18:11:25,506 [DEBUG]  Node 'rule_only_data_provider' running 'RuleOnlyDataProvider.provide'.
2025-02-18 18:11:25,507 [DEBUG]  Node 'domain_provider' running 'DomainProvider.provide_inference'.
2025-02-18 18:11:25,507 [DEBUG]  Node 'run_MemoizationPolicy0' running 'MemoizationPolicy.predict_action_probabilities'.
2025-02-18 18:11:25,508 [DEBUG]  [[32m[1mdebug    [0m] [1mmemoization.predict.actions   [0m [36mtracker_states[0m=[35m[{'user': {'intent': 'ask_architecture'}, 'prev_action': {'action_name': 'utter_architecture_response'}}, {'user': {'intent': 'ask_architecture'}, 'prev_action': {'action_name': 'action_listen'}}][0m
2025-02-18 18:11:25,509 [DEBUG]  There is no memorised next action
2025-02-18 18:11:25,509 [DEBUG]  Node 'run_RulePolicy1' running 'RulePolicy.predict_action_probabilities'.
2025-02-18 18:11:25,510 [DEBUG]  [[32m[1mdebug    [0m] [1mrule_policy.actions.find      [0m [36mcurrent_states[0m=[35m
[state 1] user intent: request_info | previous action name: action_listen
[state 2] user intent: request_info | previous action name: utter_ask_more
[state 3] user intent: request_info | previous action name: action_listen
[state 4] user intent: request_info | previous action name: utter_ask_more
[state 5] user intent: request_info | previous action name: action_listen
[state 6] user intent: request_info | previous action name: utter_ask_more
[state 7] user intent: request_info | previous action name: action_listen
[state 8] user intent: request_info | previous action name: utter_ask_more
[state 9] user intent: ask_architecture | previous action name: action_listen
[state 10] user intent: ask_architecture | previous action name: utter_architecture_response
[state 11] user intent: ask_architecture | previous action name: action_listen
[state 12] user intent: ask_architecture | previous action name: utter_architecture_response
[state 13] user text: расскажи про паттерн сага | previous action name: action_listen[0m
2025-02-18 18:11:25,510 [DEBUG]  There is no applicable rule.
2025-02-18 18:11:25,511 [DEBUG]  [[32m[1mdebug    [0m] [1mrule_policy.actions.find      [0m [36mcurrent_states[0m=[35m
[state 1] user intent: request_info | previous action name: action_listen
[state 2] user intent: request_info | previous action name: utter_ask_more
[state 3] user intent: request_info | previous action name: action_listen
[state 4] user intent: request_info | previous action name: utter_ask_more
[state 5] user intent: request_info | previous action name: action_listen
[state 6] user intent: request_info | previous action name: utter_ask_more
[state 7] user intent: request_info | previous action name: action_listen
[state 8] user intent: request_info | previous action name: utter_ask_more
[state 9] user intent: ask_architecture | previous action name: action_listen
[state 10] user intent: ask_architecture | previous action name: utter_architecture_response
[state 11] user intent: ask_architecture | previous action name: action_listen
[state 12] user intent: ask_architecture | previous action name: utter_architecture_response
[state 13] user intent: ask_architecture | previous action name: action_listen[0m
2025-02-18 18:11:25,511 [DEBUG]  There is a rule for the next action 'utter_architecture_response'.
2025-02-18 18:11:25,512 [DEBUG]  Node 'run_TEDPolicy2' running 'TEDPolicy.predict_action_probabilities'.
2025-02-18 18:11:25,518 [DEBUG]  TED predicted 'utter_goodbye' based on user intent.
2025-02-18 18:11:25,519 [DEBUG]  Node 'select_prediction' running 'DefaultPolicyPredictionEnsemble.combine_predictions_from_kwargs'.
2025-02-18 18:11:25,519 [DEBUG]  Made prediction using user intent.
2025-02-18 18:11:25,520 [DEBUG]  Added `DefinePrevUserUtteredFeaturization(False)` event.
2025-02-18 18:11:25,520 [DEBUG]  Predicted next action using RulePolicy.
2025-02-18 18:11:25,520 [DEBUG]  Predicted next action 'utter_architecture_response' with confidence 1.00.
2025-02-18 18:11:25,522 [DEBUG]  [[32m[1mdebug    [0m] [1mprocessor.actions.policy_prediction[0m [36mprediction_events[0m=[35m[<rasa.shared.core.events.DefinePrevUserUtteredFeaturization object at 0x00000270BF192F20>][0m
2025-02-18 18:11:25,522 [DEBUG]  [[32m[1mdebug    [0m] [1mprocessor.actions.log         [0m [36maction_name[0m=[35mutter_architecture_response[0m [36mrasa_events[0m=[35m[BotUttered('Архитектура ПО включает выбор структур, которые обеспечивают масштабируемость, гибкость и поддерживаемость приложения. Задайте конкретный вопрос по этой теме, и я помогу вам с информацией.', {"elements": null, "quick_replies": null, "buttons": null, "attachment": null, "image": null, "custom": null}, {"utter_action": "utter_architecture_response"}, 1739891485.5217435)][0m
2025-02-18 18:11:25,523 [DEBUG]  Running graph with inputs: {'__tracker__': <rasa.shared.core.trackers.DialogueStateTracker object at 0x00000270BCB450C0>}, targets: ['select_prediction'] and ExecutionContext(model_id='25b51c4994f84047a6a2441cf4caf554', should_add_diagnostic_data=False, is_finetuning=False, node_name=None).
2025-02-18 18:11:25,524 [DEBUG]  Node 'rule_only_data_provider' running 'RuleOnlyDataProvider.provide'.
2025-02-18 18:11:25,524 [DEBUG]  Node 'domain_provider' running 'DomainProvider.provide_inference'.
2025-02-18 18:11:25,524 [DEBUG]  Node 'run_MemoizationPolicy0' running 'MemoizationPolicy.predict_action_probabilities'.
2025-02-18 18:11:25,526 [DEBUG]  [[32m[1mdebug    [0m] [1mmemoization.predict.actions   [0m [36mtracker_states[0m=[35m[{'user': {'intent': 'ask_architecture'}, 'prev_action': {'action_name': 'action_listen'}}, {'user': {'intent': 'ask_architecture'}, 'prev_action': {'action_name': 'utter_architecture_response'}}][0m
2025-02-18 18:11:25,526 [DEBUG]  There is a memorised next action 'action_listen'
2025-02-18 18:11:25,527 [DEBUG]  Node 'run_RulePolicy1' running 'RulePolicy.predict_action_probabilities'.
2025-02-18 18:11:25,528 [DEBUG]  [[32m[1mdebug    [0m] [1mrule_policy.actions.find      [0m [36mcurrent_states[0m=[35m
[state 1] user intent: request_info | previous action name: action_listen
[state 2] user intent: request_info | previous action name: utter_ask_more
[state 3] user intent: request_info | previous action name: action_listen
[state 4] user intent: request_info | previous action name: utter_ask_more
[state 5] user intent: request_info | previous action name: action_listen
[state 6] user intent: request_info | previous action name: utter_ask_more
[state 7] user intent: request_info | previous action name: action_listen
[state 8] user intent: request_info | previous action name: utter_ask_more
[state 9] user intent: ask_architecture | previous action name: action_listen
[state 10] user intent: ask_architecture | previous action name: utter_architecture_response
[state 11] user intent: ask_architecture | previous action name: action_listen
[state 12] user intent: ask_architecture | previous action name: utter_architecture_response
[state 13] user intent: ask_architecture | previous action name: action_listen
[state 14] user intent: ask_architecture | previous action name: utter_architecture_response[0m
2025-02-18 18:11:25,528 [DEBUG]  There is a rule for the next action 'action_listen'.
2025-02-18 18:11:25,528 [DEBUG]  Node 'run_TEDPolicy2' running 'TEDPolicy.predict_action_probabilities'.
2025-02-18 18:11:25,536 [DEBUG]  TED predicted 'action_revert_fallback_events' based on user intent.
2025-02-18 18:11:25,537 [DEBUG]  Node 'select_prediction' running 'DefaultPolicyPredictionEnsemble.combine_predictions_from_kwargs'.
2025-02-18 18:11:25,538 [DEBUG]  Predicted next action using RulePolicy.
2025-02-18 18:11:25,538 [DEBUG]  Predicted next action 'action_listen' with confidence 1.00.
2025-02-18 18:11:25,540 [DEBUG]  [[32m[1mdebug    [0m] [1mprocessor.actions.policy_prediction[0m [36mprediction_events[0m=[35m[][0m
2025-02-18 18:11:25,540 [DEBUG]  [[32m[1mdebug    [0m] [1mprocessor.actions.log         [0m [36maction_name[0m=[35maction_listen[0m [36mrasa_events[0m=[35m[][0m
2025-02-18 18:11:25,541 [DEBUG]  No event broker configured. Skipping streaming events.
2025-02-18 18:11:25,542 [DEBUG]  Deleted lock for conversation 'PractikumStudent'.
2025-02-18 19:32:53,585 [DEBUG]  Issuing ticket for conversation 'PractikumStudent'.
2025-02-18 19:32:53,586 [DEBUG]  Acquiring lock for conversation 'PractikumStudent'.
2025-02-18 19:32:53,586 [DEBUG]  Acquired lock for conversation 'PractikumStudent'.
2025-02-18 19:32:53,586 [DEBUG]  Recreating tracker for id 'PractikumStudent'
2025-02-18 19:32:53,591 [DEBUG]  The latest session for conversation ID 'PractikumStudent' has expired.
2025-02-18 19:32:53,592 [DEBUG]  Starting a new session for conversation ID 'PractikumStudent'.
2025-02-18 19:32:53,593 [DEBUG]  [[32m[1mdebug    [0m] [1mprocessor.actions.policy_prediction[0m [36mprediction_events[0m=[35m[][0m
2025-02-18 19:32:53,594 [DEBUG]  [[32m[1mdebug    [0m] [1mprocessor.actions.log         [0m [36maction_name[0m=[35maction_session_start[0m [36mrasa_events[0m=[35m[<rasa.shared.core.events.SessionStarted object at 0x00000270BF192CE0>, SlotSet(key: topic, value: Привет), SlotSet(key: topic, value: Что такое микросервисная архитектура), SlotSet(key: topic, value: Привет), SlotSet(key: topic, value: Ну в принципе что это за штука такая микросервисное приложение), SlotSet(key: topic, value: а что ты можешь рассказать?), SlotSet(key: topic, value: а какие паттерны есть в микросервисах), SlotSet(key: topic, value: расскажи про паттерн сага), ActionExecuted(action: action_listen, policy: None, confidence: None)][0m
2025-02-18 19:32:53,594 [DEBUG]  [[32m[1mdebug    [0m] [1mprocessor.slots.log           [0m [36mslot_values[0m=[35m	topic: расскажи про паттерн сага
	session_started_metadata: None[0m
2025-02-18 19:32:53,595 [DEBUG]  Running graph with inputs: {'__message__': [<rasa.core.channels.channel.UserMessage object at 0x00000270C037E6B0>], '__tracker__': <rasa.shared.core.trackers.DialogueStateTracker object at 0x00000270C037C430>}, targets: ['run_RegexMessageHandler'] and ExecutionContext(model_id='25b51c4994f84047a6a2441cf4caf554', should_add_diagnostic_data=False, is_finetuning=False, node_name=None).
2025-02-18 19:32:53,596 [DEBUG]  Node 'nlu_message_converter' running 'NLUMessageConverter.convert_user_message'.
2025-02-18 19:32:53,596 [DEBUG]  Node 'run_WhitespaceTokenizer0' running 'WhitespaceTokenizer.process'.
2025-02-18 19:32:53,597 [DEBUG]  Node 'run_RegexFeaturizer1' running 'RegexFeaturizer.process'.
2025-02-18 19:32:53,597 [DEBUG]  Node 'run_LexicalSyntacticFeaturizer2' running 'LexicalSyntacticFeaturizer.process'.
2025-02-18 19:32:53,598 [DEBUG]  Node 'run_CountVectorsFeaturizer3' running 'CountVectorsFeaturizer.process'.
2025-02-18 19:32:53,599 [DEBUG]  Node 'run_LanguageModelFeaturizer4' running 'LanguageModelFeaturizer.process'.
2025-02-18 19:32:54,002 [DEBUG]  Node 'run_DIETClassifier5' running 'DIETClassifier.process'.
2025-02-18 19:32:54,030 [DEBUG]  Node 'run_EntitySynonymMapper6' running 'EntitySynonymMapper.process'.
2025-02-18 19:32:54,031 [DEBUG]  Node 'run_ResponseSelector7' running 'ResponseSelector.process'.
2025-02-18 19:32:54,031 [DEBUG]  There is no trained model for 'ResponseSelector': The component is either not trained or didn't receive enough training data.
2025-02-18 19:32:54,032 [DEBUG]  Adding following selector key to message property: default
2025-02-18 19:32:54,032 [DEBUG]  Node 'domain_provider' running 'DomainProvider.provide_inference'.
2025-02-18 19:32:54,032 [DEBUG]  Node 'run_RegexMessageHandler' running 'RegexMessageHandler.process'.
2025-02-18 19:32:54,033 [DEBUG]  [[32m[1mdebug    [0m] [1mprocessor.message.parse       [0m [36mparse_data_entities[0m=[35m[][0m [36mparse_data_intent[0m=[35m{'name': 'request_info', 'confidence': 0.29577264189720154}[0m [36mparse_data_text[0m=[35mа приведи примеры конкретных вопросов[0m
2025-02-18 19:32:54,034 [DEBUG]  Logged UserUtterance - tracker now has 56 events.
2025-02-18 19:32:54,034 [DEBUG]  Validating extracted slots: topic
2025-02-18 19:32:54,034 [DEBUG]  [[32m[1mdebug    [0m] [1mprocessor.extract.slots       [0m [36maction_extract_slot[0m=[35maction_extract_slots[0m [36mlen_extraction_events[0m=[35m1[0m [36mrasa_events[0m=[35m[SlotSet(key: topic, value: а приведи примеры конкретных вопросов)][0m
2025-02-18 19:32:54,035 [DEBUG]  Running graph with inputs: {'__tracker__': <rasa.shared.core.trackers.DialogueStateTracker object at 0x00000270C037C430>}, targets: ['select_prediction'] and ExecutionContext(model_id='25b51c4994f84047a6a2441cf4caf554', should_add_diagnostic_data=False, is_finetuning=False, node_name=None).
2025-02-18 19:32:54,035 [DEBUG]  Node 'rule_only_data_provider' running 'RuleOnlyDataProvider.provide'.
2025-02-18 19:32:54,036 [DEBUG]  Node 'domain_provider' running 'DomainProvider.provide_inference'.
2025-02-18 19:32:54,036 [DEBUG]  Node 'run_MemoizationPolicy0' running 'MemoizationPolicy.predict_action_probabilities'.
2025-02-18 19:32:54,037 [DEBUG]  [[32m[1mdebug    [0m] [1mmemoization.predict.actions   [0m [36mtracker_states[0m=[35m[{}, {'user': {'intent': 'request_info'}, 'prev_action': {'action_name': 'action_listen'}}][0m
2025-02-18 19:32:54,037 [DEBUG]  There is a memorised next action 'utter_ask_more'
2025-02-18 19:32:54,037 [DEBUG]  Node 'run_RulePolicy1' running 'RulePolicy.predict_action_probabilities'.
2025-02-18 19:32:54,038 [DEBUG]  [[32m[1mdebug    [0m] [1mrule_policy.actions.find      [0m [36mcurrent_states[0m=[35m
[state 1] user text: а приведи примеры конкретных вопросов | previous action name: action_listen[0m
2025-02-18 19:32:54,038 [DEBUG]  There is no applicable rule.
2025-02-18 19:32:54,039 [DEBUG]  [[32m[1mdebug    [0m] [1mrule_policy.actions.find      [0m [36mcurrent_states[0m=[35m
[state 1] user intent: request_info | previous action name: action_listen[0m
2025-02-18 19:32:54,039 [DEBUG]  There is a rule for the next action 'utter_ask_more'.
2025-02-18 19:32:54,040 [DEBUG]  Node 'run_TEDPolicy2' running 'TEDPolicy.predict_action_probabilities'.
2025-02-18 19:32:54,045 [DEBUG]  TED predicted 'action_default_ask_rephrase' based on user intent.
2025-02-18 19:32:54,045 [DEBUG]  Node 'select_prediction' running 'DefaultPolicyPredictionEnsemble.combine_predictions_from_kwargs'.
2025-02-18 19:32:54,045 [DEBUG]  Made prediction using user intent.
2025-02-18 19:32:54,046 [DEBUG]  Added `DefinePrevUserUtteredFeaturization(False)` event.
2025-02-18 19:32:54,046 [DEBUG]  Predicted next action using RulePolicy.
2025-02-18 19:32:54,046 [DEBUG]  Predicted next action 'utter_ask_more' with confidence 1.00.
2025-02-18 19:32:54,048 [DEBUG]  [[32m[1mdebug    [0m] [1mprocessor.actions.policy_prediction[0m [36mprediction_events[0m=[35m[<rasa.shared.core.events.DefinePrevUserUtteredFeaturization object at 0x00000270BCB94F10>][0m
2025-02-18 19:32:54,048 [DEBUG]  [[32m[1mdebug    [0m] [1mprocessor.actions.log         [0m [36maction_name[0m=[35mutter_ask_more[0m [36mrasa_events[0m=[35m[BotUttered('Что именно вас интересует в архитектуре программного обеспечения?', {"elements": null, "quick_replies": null, "buttons": null, "attachment": null, "image": null, "custom": null}, {"utter_action": "utter_ask_more"}, 1739896374.0474875)][0m
2025-02-18 19:32:54,049 [DEBUG]  Running graph with inputs: {'__tracker__': <rasa.shared.core.trackers.DialogueStateTracker object at 0x00000270C037C430>}, targets: ['select_prediction'] and ExecutionContext(model_id='25b51c4994f84047a6a2441cf4caf554', should_add_diagnostic_data=False, is_finetuning=False, node_name=None).
2025-02-18 19:32:54,050 [DEBUG]  Node 'rule_only_data_provider' running 'RuleOnlyDataProvider.provide'.
2025-02-18 19:32:54,050 [DEBUG]  Node 'domain_provider' running 'DomainProvider.provide_inference'.
2025-02-18 19:32:54,050 [DEBUG]  Node 'run_MemoizationPolicy0' running 'MemoizationPolicy.predict_action_probabilities'.
2025-02-18 19:32:54,051 [DEBUG]  [[32m[1mdebug    [0m] [1mmemoization.predict.actions   [0m [36mtracker_states[0m=[35m[{'user': {'intent': 'request_info'}, 'prev_action': {'action_name': 'action_listen'}}, {'user': {'intent': 'request_info'}, 'prev_action': {'action_name': 'utter_ask_more'}}][0m
2025-02-18 19:32:54,051 [DEBUG]  There is a memorised next action 'action_listen'
2025-02-18 19:32:54,052 [DEBUG]  Node 'run_RulePolicy1' running 'RulePolicy.predict_action_probabilities'.
2025-02-18 19:32:54,052 [DEBUG]  [[32m[1mdebug    [0m] [1mrule_policy.actions.find      [0m [36mcurrent_states[0m=[35m
[state 1] user intent: request_info | previous action name: action_listen
[state 2] user intent: request_info | previous action name: utter_ask_more[0m
2025-02-18 19:32:54,053 [DEBUG]  There is a rule for the next action 'action_listen'.
2025-02-18 19:32:54,053 [DEBUG]  Node 'run_TEDPolicy2' running 'TEDPolicy.predict_action_probabilities'.
2025-02-18 19:32:54,058 [DEBUG]  TED predicted 'action_deactivate_loop' based on user intent.
2025-02-18 19:32:54,058 [DEBUG]  Node 'select_prediction' running 'DefaultPolicyPredictionEnsemble.combine_predictions_from_kwargs'.
2025-02-18 19:32:54,058 [DEBUG]  Predicted next action using RulePolicy.
2025-02-18 19:32:54,059 [DEBUG]  Predicted next action 'action_listen' with confidence 1.00.
2025-02-18 19:32:54,059 [DEBUG]  [[32m[1mdebug    [0m] [1mprocessor.actions.policy_prediction[0m [36mprediction_events[0m=[35m[][0m
2025-02-18 19:32:54,060 [DEBUG]  [[32m[1mdebug    [0m] [1mprocessor.actions.log         [0m [36maction_name[0m=[35maction_listen[0m [36mrasa_events[0m=[35m[][0m
2025-02-18 19:32:54,060 [DEBUG]  No event broker configured. Skipping streaming events.
2025-02-18 19:32:54,061 [DEBUG]  Deleted lock for conversation 'PractikumStudent'.
2025-02-18 19:32:59,144 [DEBUG]  Issuing ticket for conversation 'PractikumStudent'.
2025-02-18 19:32:59,144 [DEBUG]  Acquiring lock for conversation 'PractikumStudent'.
2025-02-18 19:32:59,144 [DEBUG]  Acquired lock for conversation 'PractikumStudent'.
2025-02-18 19:32:59,144 [DEBUG]  Recreating tracker for id 'PractikumStudent'
2025-02-18 19:32:59,151 [DEBUG]  Running graph with inputs: {'__message__': [<rasa.core.channels.channel.UserMessage object at 0x00000270BCB445E0>], '__tracker__': <rasa.shared.core.trackers.DialogueStateTracker object at 0x00000270BCB95960>}, targets: ['run_RegexMessageHandler'] and ExecutionContext(model_id='25b51c4994f84047a6a2441cf4caf554', should_add_diagnostic_data=False, is_finetuning=False, node_name=None).
2025-02-18 19:32:59,152 [DEBUG]  Node 'nlu_message_converter' running 'NLUMessageConverter.convert_user_message'.
2025-02-18 19:32:59,152 [DEBUG]  Node 'run_WhitespaceTokenizer0' running 'WhitespaceTokenizer.process'.
2025-02-18 19:32:59,153 [DEBUG]  Node 'run_RegexFeaturizer1' running 'RegexFeaturizer.process'.
2025-02-18 19:32:59,154 [DEBUG]  Node 'run_LexicalSyntacticFeaturizer2' running 'LexicalSyntacticFeaturizer.process'.
2025-02-18 19:32:59,155 [DEBUG]  Node 'run_CountVectorsFeaturizer3' running 'CountVectorsFeaturizer.process'.
2025-02-18 19:32:59,157 [DEBUG]  Node 'run_LanguageModelFeaturizer4' running 'LanguageModelFeaturizer.process'.
2025-02-18 19:32:59,427 [DEBUG]  Node 'run_DIETClassifier5' running 'DIETClassifier.process'.
2025-02-18 19:32:59,434 [DEBUG]  Node 'run_EntitySynonymMapper6' running 'EntitySynonymMapper.process'.
2025-02-18 19:32:59,434 [DEBUG]  Node 'run_ResponseSelector7' running 'ResponseSelector.process'.
2025-02-18 19:32:59,435 [DEBUG]  There is no trained model for 'ResponseSelector': The component is either not trained or didn't receive enough training data.
2025-02-18 19:32:59,435 [DEBUG]  Adding following selector key to message property: default
2025-02-18 19:32:59,435 [DEBUG]  Node 'domain_provider' running 'DomainProvider.provide_inference'.
2025-02-18 19:32:59,436 [DEBUG]  Node 'run_RegexMessageHandler' running 'RegexMessageHandler.process'.
2025-02-18 19:32:59,437 [DEBUG]  [[32m[1mdebug    [0m] [1mprocessor.message.parse       [0m [36mparse_data_entities[0m=[35m[][0m [36mparse_data_intent[0m=[35m{'name': 'request_info', 'confidence': 0.32557448744773865}[0m [36mparse_data_text[0m=[35mвсе[0m
2025-02-18 19:32:59,437 [DEBUG]  Logged UserUtterance - tracker now has 17 events.
2025-02-18 19:32:59,438 [DEBUG]  Validating extracted slots: topic
2025-02-18 19:32:59,438 [DEBUG]  [[32m[1mdebug    [0m] [1mprocessor.extract.slots       [0m [36maction_extract_slot[0m=[35maction_extract_slots[0m [36mlen_extraction_events[0m=[35m1[0m [36mrasa_events[0m=[35m[SlotSet(key: topic, value: все)][0m
2025-02-18 19:32:59,439 [DEBUG]  Running graph with inputs: {'__tracker__': <rasa.shared.core.trackers.DialogueStateTracker object at 0x00000270BCB95960>}, targets: ['select_prediction'] and ExecutionContext(model_id='25b51c4994f84047a6a2441cf4caf554', should_add_diagnostic_data=False, is_finetuning=False, node_name=None).
2025-02-18 19:32:59,440 [DEBUG]  Node 'rule_only_data_provider' running 'RuleOnlyDataProvider.provide'.
2025-02-18 19:32:59,440 [DEBUG]  Node 'domain_provider' running 'DomainProvider.provide_inference'.
2025-02-18 19:32:59,441 [DEBUG]  Node 'run_MemoizationPolicy0' running 'MemoizationPolicy.predict_action_probabilities'.
2025-02-18 19:32:59,441 [DEBUG]  [[32m[1mdebug    [0m] [1mmemoization.predict.actions   [0m [36mtracker_states[0m=[35m[{'user': {'intent': 'request_info'}, 'prev_action': {'action_name': 'utter_ask_more'}}, {'user': {'intent': 'request_info'}, 'prev_action': {'action_name': 'action_listen'}}][0m
2025-02-18 19:32:59,442 [DEBUG]  There is no memorised next action
2025-02-18 19:32:59,442 [DEBUG]  Node 'run_RulePolicy1' running 'RulePolicy.predict_action_probabilities'.
2025-02-18 19:32:59,443 [DEBUG]  [[32m[1mdebug    [0m] [1mrule_policy.actions.find      [0m [36mcurrent_states[0m=[35m
[state 1] user intent: request_info | previous action name: action_listen
[state 2] user intent: request_info | previous action name: utter_ask_more
[state 3] user text: все | previous action name: action_listen[0m
2025-02-18 19:32:59,443 [DEBUG]  There is no applicable rule.
2025-02-18 19:32:59,444 [DEBUG]  [[32m[1mdebug    [0m] [1mrule_policy.actions.find      [0m [36mcurrent_states[0m=[35m
[state 1] user intent: request_info | previous action name: action_listen
[state 2] user intent: request_info | previous action name: utter_ask_more
[state 3] user intent: request_info | previous action name: action_listen[0m
2025-02-18 19:32:59,445 [DEBUG]  There is a rule for the next action 'utter_ask_more'.
2025-02-18 19:32:59,445 [DEBUG]  Node 'run_TEDPolicy2' running 'TEDPolicy.predict_action_probabilities'.
2025-02-18 19:32:59,452 [DEBUG]  TED predicted 'action_default_ask_rephrase' based on user intent.
2025-02-18 19:32:59,453 [DEBUG]  Node 'select_prediction' running 'DefaultPolicyPredictionEnsemble.combine_predictions_from_kwargs'.
2025-02-18 19:32:59,453 [DEBUG]  Made prediction using user intent.
2025-02-18 19:32:59,453 [DEBUG]  Added `DefinePrevUserUtteredFeaturization(False)` event.
2025-02-18 19:32:59,454 [DEBUG]  Predicted next action using RulePolicy.
2025-02-18 19:32:59,454 [DEBUG]  Predicted next action 'utter_ask_more' with confidence 1.00.
2025-02-18 19:32:59,455 [DEBUG]  [[32m[1mdebug    [0m] [1mprocessor.actions.policy_prediction[0m [36mprediction_events[0m=[35m[<rasa.shared.core.events.DefinePrevUserUtteredFeaturization object at 0x00000270BF190A90>][0m
2025-02-18 19:32:59,456 [DEBUG]  [[32m[1mdebug    [0m] [1mprocessor.actions.log         [0m [36maction_name[0m=[35mutter_ask_more[0m [36mrasa_events[0m=[35m[BotUttered('Что именно вас интересует в архитектуре программного обеспечения?', {"elements": null, "quick_replies": null, "buttons": null, "attachment": null, "image": null, "custom": null}, {"utter_action": "utter_ask_more"}, 1739896379.4557996)][0m
2025-02-18 19:32:59,456 [DEBUG]  Running graph with inputs: {'__tracker__': <rasa.shared.core.trackers.DialogueStateTracker object at 0x00000270BCB95960>}, targets: ['select_prediction'] and ExecutionContext(model_id='25b51c4994f84047a6a2441cf4caf554', should_add_diagnostic_data=False, is_finetuning=False, node_name=None).
2025-02-18 19:32:59,457 [DEBUG]  Node 'rule_only_data_provider' running 'RuleOnlyDataProvider.provide'.
2025-02-18 19:32:59,458 [DEBUG]  Node 'domain_provider' running 'DomainProvider.provide_inference'.
2025-02-18 19:32:59,458 [DEBUG]  Node 'run_MemoizationPolicy0' running 'MemoizationPolicy.predict_action_probabilities'.
2025-02-18 19:32:59,459 [DEBUG]  [[32m[1mdebug    [0m] [1mmemoization.predict.actions   [0m [36mtracker_states[0m=[35m[{'user': {'intent': 'request_info'}, 'prev_action': {'action_name': 'action_listen'}}, {'user': {'intent': 'request_info'}, 'prev_action': {'action_name': 'utter_ask_more'}}][0m
2025-02-18 19:32:59,459 [DEBUG]  There is a memorised next action 'action_listen'
2025-02-18 19:32:59,460 [DEBUG]  Node 'run_RulePolicy1' running 'RulePolicy.predict_action_probabilities'.
2025-02-18 19:32:59,461 [DEBUG]  [[32m[1mdebug    [0m] [1mrule_policy.actions.find      [0m [36mcurrent_states[0m=[35m
[state 1] user intent: request_info | previous action name: action_listen
[state 2] user intent: request_info | previous action name: utter_ask_more
[state 3] user intent: request_info | previous action name: action_listen
[state 4] user intent: request_info | previous action name: utter_ask_more[0m
2025-02-18 19:32:59,461 [DEBUG]  There is a rule for the next action 'action_listen'.
2025-02-18 19:32:59,462 [DEBUG]  Node 'run_TEDPolicy2' running 'TEDPolicy.predict_action_probabilities'.
2025-02-18 19:32:59,468 [DEBUG]  TED predicted 'action_deactivate_loop' based on user intent.
2025-02-18 19:32:59,469 [DEBUG]  Node 'select_prediction' running 'DefaultPolicyPredictionEnsemble.combine_predictions_from_kwargs'.
2025-02-18 19:32:59,470 [DEBUG]  Predicted next action using RulePolicy.
2025-02-18 19:32:59,470 [DEBUG]  Predicted next action 'action_listen' with confidence 1.00.
2025-02-18 19:32:59,471 [DEBUG]  [[32m[1mdebug    [0m] [1mprocessor.actions.policy_prediction[0m [36mprediction_events[0m=[35m[][0m
2025-02-18 19:32:59,471 [DEBUG]  [[32m[1mdebug    [0m] [1mprocessor.actions.log         [0m [36maction_name[0m=[35maction_listen[0m [36mrasa_events[0m=[35m[][0m
2025-02-18 19:32:59,473 [DEBUG]  No event broker configured. Skipping streaming events.
2025-02-18 19:32:59,474 [DEBUG]  Deleted lock for conversation 'PractikumStudent'.
2025-02-18 19:33:05,451 [DEBUG]  Issuing ticket for conversation 'PractikumStudent'.
2025-02-18 19:33:05,452 [DEBUG]  Acquiring lock for conversation 'PractikumStudent'.
2025-02-18 19:33:05,452 [DEBUG]  Acquired lock for conversation 'PractikumStudent'.
2025-02-18 19:33:05,453 [DEBUG]  Recreating tracker for id 'PractikumStudent'
2025-02-18 19:33:05,457 [DEBUG]  Running graph with inputs: {'__message__': [<rasa.core.channels.channel.UserMessage object at 0x00000270BCB45420>], '__tracker__': <rasa.shared.core.trackers.DialogueStateTracker object at 0x00000270BCB45060>}, targets: ['run_RegexMessageHandler'] and ExecutionContext(model_id='25b51c4994f84047a6a2441cf4caf554', should_add_diagnostic_data=False, is_finetuning=False, node_name=None).
2025-02-18 19:33:05,458 [DEBUG]  Node 'nlu_message_converter' running 'NLUMessageConverter.convert_user_message'.
2025-02-18 19:33:05,458 [DEBUG]  Node 'run_WhitespaceTokenizer0' running 'WhitespaceTokenizer.process'.
2025-02-18 19:33:05,459 [DEBUG]  Node 'run_RegexFeaturizer1' running 'RegexFeaturizer.process'.
2025-02-18 19:33:05,459 [DEBUG]  Node 'run_LexicalSyntacticFeaturizer2' running 'LexicalSyntacticFeaturizer.process'.
2025-02-18 19:33:05,460 [DEBUG]  Node 'run_CountVectorsFeaturizer3' running 'CountVectorsFeaturizer.process'.
2025-02-18 19:33:05,462 [DEBUG]  Node 'run_LanguageModelFeaturizer4' running 'LanguageModelFeaturizer.process'.
2025-02-18 19:33:05,787 [DEBUG]  Node 'run_DIETClassifier5' running 'DIETClassifier.process'.
2025-02-18 19:33:05,794 [DEBUG]  Node 'run_EntitySynonymMapper6' running 'EntitySynonymMapper.process'.
2025-02-18 19:33:05,794 [DEBUG]  Node 'run_ResponseSelector7' running 'ResponseSelector.process'.
2025-02-18 19:33:05,794 [DEBUG]  There is no trained model for 'ResponseSelector': The component is either not trained or didn't receive enough training data.
2025-02-18 19:33:05,795 [DEBUG]  Adding following selector key to message property: default
2025-02-18 19:33:05,795 [DEBUG]  Node 'domain_provider' running 'DomainProvider.provide_inference'.
2025-02-18 19:33:05,795 [DEBUG]  Node 'run_RegexMessageHandler' running 'RegexMessageHandler.process'.
2025-02-18 19:33:05,796 [DEBUG]  [[32m[1mdebug    [0m] [1mprocessor.message.parse       [0m [36mparse_data_entities[0m=[35m[][0m [36mparse_data_intent[0m=[35m{'name': 'request_info', 'confidence': 0.3271840512752533}[0m [36mparse_data_text[0m=[35mсеть[0m
2025-02-18 19:33:05,797 [DEBUG]  Logged UserUtterance - tracker now has 23 events.
2025-02-18 19:33:05,797 [DEBUG]  Validating extracted slots: topic
2025-02-18 19:33:05,798 [DEBUG]  [[32m[1mdebug    [0m] [1mprocessor.extract.slots       [0m [36maction_extract_slot[0m=[35maction_extract_slots[0m [36mlen_extraction_events[0m=[35m1[0m [36mrasa_events[0m=[35m[SlotSet(key: topic, value: сеть)][0m
2025-02-18 19:33:05,799 [DEBUG]  Running graph with inputs: {'__tracker__': <rasa.shared.core.trackers.DialogueStateTracker object at 0x00000270BCB45060>}, targets: ['select_prediction'] and ExecutionContext(model_id='25b51c4994f84047a6a2441cf4caf554', should_add_diagnostic_data=False, is_finetuning=False, node_name=None).
2025-02-18 19:33:05,799 [DEBUG]  Node 'rule_only_data_provider' running 'RuleOnlyDataProvider.provide'.
2025-02-18 19:33:05,800 [DEBUG]  Node 'domain_provider' running 'DomainProvider.provide_inference'.
2025-02-18 19:33:05,801 [DEBUG]  Node 'run_MemoizationPolicy0' running 'MemoizationPolicy.predict_action_probabilities'.
2025-02-18 19:33:05,801 [DEBUG]  [[32m[1mdebug    [0m] [1mmemoization.predict.actions   [0m [36mtracker_states[0m=[35m[{'user': {'intent': 'request_info'}, 'prev_action': {'action_name': 'utter_ask_more'}}, {'user': {'intent': 'request_info'}, 'prev_action': {'action_name': 'action_listen'}}][0m
2025-02-18 19:33:05,801 [DEBUG]  There is no memorised next action
2025-02-18 19:33:05,802 [DEBUG]  Node 'run_RulePolicy1' running 'RulePolicy.predict_action_probabilities'.
2025-02-18 19:33:05,802 [DEBUG]  [[32m[1mdebug    [0m] [1mrule_policy.actions.find      [0m [36mcurrent_states[0m=[35m
[state 1] user intent: request_info | previous action name: action_listen
[state 2] user intent: request_info | previous action name: utter_ask_more
[state 3] user intent: request_info | previous action name: action_listen
[state 4] user intent: request_info | previous action name: utter_ask_more
[state 5] user text: сеть | previous action name: action_listen[0m
2025-02-18 19:33:05,802 [DEBUG]  There is no applicable rule.
2025-02-18 19:33:05,804 [DEBUG]  [[32m[1mdebug    [0m] [1mrule_policy.actions.find      [0m [36mcurrent_states[0m=[35m
[state 1] user intent: request_info | previous action name: action_listen
[state 2] user intent: request_info | previous action name: utter_ask_more
[state 3] user intent: request_info | previous action name: action_listen
[state 4] user intent: request_info | previous action name: utter_ask_more
[state 5] user intent: request_info | previous action name: action_listen[0m
2025-02-18 19:33:05,804 [DEBUG]  There is a rule for the next action 'utter_ask_more'.
2025-02-18 19:33:05,804 [DEBUG]  Node 'run_TEDPolicy2' running 'TEDPolicy.predict_action_probabilities'.
2025-02-18 19:33:05,810 [DEBUG]  TED predicted 'action_default_ask_rephrase' based on user intent.
2025-02-18 19:33:05,810 [DEBUG]  Node 'select_prediction' running 'DefaultPolicyPredictionEnsemble.combine_predictions_from_kwargs'.
2025-02-18 19:33:05,812 [DEBUG]  Made prediction using user intent.
2025-02-18 19:33:05,812 [DEBUG]  Added `DefinePrevUserUtteredFeaturization(False)` event.
2025-02-18 19:33:05,812 [DEBUG]  Predicted next action using RulePolicy.
2025-02-18 19:33:05,812 [DEBUG]  Predicted next action 'utter_ask_more' with confidence 1.00.
2025-02-18 19:33:05,814 [DEBUG]  [[32m[1mdebug    [0m] [1mprocessor.actions.policy_prediction[0m [36mprediction_events[0m=[35m[<rasa.shared.core.events.DefinePrevUserUtteredFeaturization object at 0x00000270C037DA50>][0m
2025-02-18 19:33:05,814 [DEBUG]  [[32m[1mdebug    [0m] [1mprocessor.actions.log         [0m [36maction_name[0m=[35mutter_ask_more[0m [36mrasa_events[0m=[35m[BotUttered('Что именно вас интересует в архитектуре программного обеспечения?', {"elements": null, "quick_replies": null, "buttons": null, "attachment": null, "image": null, "custom": null}, {"utter_action": "utter_ask_more"}, 1739896385.8141124)][0m
2025-02-18 19:33:05,814 [DEBUG]  Running graph with inputs: {'__tracker__': <rasa.shared.core.trackers.DialogueStateTracker object at 0x00000270BCB45060>}, targets: ['select_prediction'] and ExecutionContext(model_id='25b51c4994f84047a6a2441cf4caf554', should_add_diagnostic_data=False, is_finetuning=False, node_name=None).
2025-02-18 19:33:05,815 [DEBUG]  Node 'rule_only_data_provider' running 'RuleOnlyDataProvider.provide'.
2025-02-18 19:33:05,815 [DEBUG]  Node 'domain_provider' running 'DomainProvider.provide_inference'.
2025-02-18 19:33:05,815 [DEBUG]  Node 'run_MemoizationPolicy0' running 'MemoizationPolicy.predict_action_probabilities'.
2025-02-18 19:33:05,817 [DEBUG]  [[32m[1mdebug    [0m] [1mmemoization.predict.actions   [0m [36mtracker_states[0m=[35m[{'user': {'intent': 'request_info'}, 'prev_action': {'action_name': 'action_listen'}}, {'user': {'intent': 'request_info'}, 'prev_action': {'action_name': 'utter_ask_more'}}][0m
2025-02-18 19:33:05,817 [DEBUG]  There is a memorised next action 'action_listen'
2025-02-18 19:33:05,817 [DEBUG]  Node 'run_RulePolicy1' running 'RulePolicy.predict_action_probabilities'.
2025-02-18 19:33:05,819 [DEBUG]  [[32m[1mdebug    [0m] [1mrule_policy.actions.find      [0m [36mcurrent_states[0m=[35m
[state 1] user intent: request_info | previous action name: action_listen
[state 2] user intent: request_info | previous action name: utter_ask_more
[state 3] user intent: request_info | previous action name: action_listen
[state 4] user intent: request_info | previous action name: utter_ask_more
[state 5] user intent: request_info | previous action name: action_listen
[state 6] user intent: request_info | previous action name: utter_ask_more[0m
2025-02-18 19:33:05,819 [DEBUG]  There is a rule for the next action 'action_listen'.
2025-02-18 19:33:05,819 [DEBUG]  Node 'run_TEDPolicy2' running 'TEDPolicy.predict_action_probabilities'.
2025-02-18 19:33:05,825 [DEBUG]  TED predicted 'action_deactivate_loop' based on user intent.
2025-02-18 19:33:05,827 [DEBUG]  Node 'select_prediction' running 'DefaultPolicyPredictionEnsemble.combine_predictions_from_kwargs'.
2025-02-18 19:33:05,827 [DEBUG]  Predicted next action using RulePolicy.
2025-02-18 19:33:05,827 [DEBUG]  Predicted next action 'action_listen' with confidence 1.00.
2025-02-18 19:33:05,827 [DEBUG]  [[32m[1mdebug    [0m] [1mprocessor.actions.policy_prediction[0m [36mprediction_events[0m=[35m[][0m
2025-02-18 19:33:05,828 [DEBUG]  [[32m[1mdebug    [0m] [1mprocessor.actions.log         [0m [36maction_name[0m=[35maction_listen[0m [36mrasa_events[0m=[35m[][0m
2025-02-18 19:33:05,828 [DEBUG]  No event broker configured. Skipping streaming events.
2025-02-18 19:33:05,828 [DEBUG]  Deleted lock for conversation 'PractikumStudent'.
2025-02-18 19:33:17,426 [DEBUG]  Issuing ticket for conversation 'PractikumStudent'.
2025-02-18 19:33:17,427 [DEBUG]  Acquiring lock for conversation 'PractikumStudent'.
2025-02-18 19:33:17,427 [DEBUG]  Acquired lock for conversation 'PractikumStudent'.
2025-02-18 19:33:17,428 [DEBUG]  Recreating tracker for id 'PractikumStudent'
2025-02-18 19:33:17,430 [DEBUG]  Running graph with inputs: {'__message__': [<rasa.core.channels.channel.UserMessage object at 0x00000270BCB44670>], '__tracker__': <rasa.shared.core.trackers.DialogueStateTracker object at 0x00000270BCB45420>}, targets: ['run_RegexMessageHandler'] and ExecutionContext(model_id='25b51c4994f84047a6a2441cf4caf554', should_add_diagnostic_data=False, is_finetuning=False, node_name=None).
2025-02-18 19:33:17,431 [DEBUG]  Node 'nlu_message_converter' running 'NLUMessageConverter.convert_user_message'.
2025-02-18 19:33:17,432 [DEBUG]  Node 'run_WhitespaceTokenizer0' running 'WhitespaceTokenizer.process'.
2025-02-18 19:33:17,432 [DEBUG]  Node 'run_RegexFeaturizer1' running 'RegexFeaturizer.process'.
2025-02-18 19:33:17,433 [DEBUG]  Node 'run_LexicalSyntacticFeaturizer2' running 'LexicalSyntacticFeaturizer.process'.
2025-02-18 19:33:17,433 [DEBUG]  Node 'run_CountVectorsFeaturizer3' running 'CountVectorsFeaturizer.process'.
2025-02-18 19:33:17,434 [DEBUG]  Node 'run_LanguageModelFeaturizer4' running 'LanguageModelFeaturizer.process'.
2025-02-18 19:33:17,720 [DEBUG]  Node 'run_DIETClassifier5' running 'DIETClassifier.process'.
2025-02-18 19:33:17,728 [DEBUG]  Node 'run_EntitySynonymMapper6' running 'EntitySynonymMapper.process'.
2025-02-18 19:33:17,728 [DEBUG]  Node 'run_ResponseSelector7' running 'ResponseSelector.process'.
2025-02-18 19:33:17,729 [DEBUG]  There is no trained model for 'ResponseSelector': The component is either not trained or didn't receive enough training data.
2025-02-18 19:33:17,729 [DEBUG]  Adding following selector key to message property: default
2025-02-18 19:33:17,730 [DEBUG]  Node 'domain_provider' running 'DomainProvider.provide_inference'.
2025-02-18 19:33:17,730 [DEBUG]  Node 'run_RegexMessageHandler' running 'RegexMessageHandler.process'.
2025-02-18 19:33:17,732 [DEBUG]  [[32m[1mdebug    [0m] [1mprocessor.message.parse       [0m [36mparse_data_entities[0m=[35m[][0m [36mparse_data_intent[0m=[35m{'name': 'request_info', 'confidence': 0.3435741662979126}[0m [36mparse_data_text[0m=[35mпаттерны[0m
2025-02-18 19:33:17,733 [DEBUG]  Logged UserUtterance - tracker now has 29 events.
2025-02-18 19:33:17,733 [DEBUG]  Validating extracted slots: topic
2025-02-18 19:33:17,733 [DEBUG]  [[32m[1mdebug    [0m] [1mprocessor.extract.slots       [0m [36maction_extract_slot[0m=[35maction_extract_slots[0m [36mlen_extraction_events[0m=[35m1[0m [36mrasa_events[0m=[35m[SlotSet(key: topic, value: паттерны)][0m
2025-02-18 19:33:17,734 [DEBUG]  Running graph with inputs: {'__tracker__': <rasa.shared.core.trackers.DialogueStateTracker object at 0x00000270BCB45420>}, targets: ['select_prediction'] and ExecutionContext(model_id='25b51c4994f84047a6a2441cf4caf554', should_add_diagnostic_data=False, is_finetuning=False, node_name=None).
2025-02-18 19:33:17,734 [DEBUG]  Node 'rule_only_data_provider' running 'RuleOnlyDataProvider.provide'.
2025-02-18 19:33:17,734 [DEBUG]  Node 'domain_provider' running 'DomainProvider.provide_inference'.
2025-02-18 19:33:17,735 [DEBUG]  Node 'run_MemoizationPolicy0' running 'MemoizationPolicy.predict_action_probabilities'.
2025-02-18 19:33:17,735 [DEBUG]  [[32m[1mdebug    [0m] [1mmemoization.predict.actions   [0m [36mtracker_states[0m=[35m[{'user': {'intent': 'request_info'}, 'prev_action': {'action_name': 'utter_ask_more'}}, {'user': {'intent': 'request_info'}, 'prev_action': {'action_name': 'action_listen'}}][0m
2025-02-18 19:33:17,736 [DEBUG]  There is no memorised next action
2025-02-18 19:33:17,736 [DEBUG]  Node 'run_RulePolicy1' running 'RulePolicy.predict_action_probabilities'.
2025-02-18 19:33:17,736 [DEBUG]  [[32m[1mdebug    [0m] [1mrule_policy.actions.find      [0m [36mcurrent_states[0m=[35m
[state 1] user intent: request_info | previous action name: action_listen
[state 2] user intent: request_info | previous action name: utter_ask_more
[state 3] user intent: request_info | previous action name: action_listen
[state 4] user intent: request_info | previous action name: utter_ask_more
[state 5] user intent: request_info | previous action name: action_listen
[state 6] user intent: request_info | previous action name: utter_ask_more
[state 7] user text: паттерны | previous action name: action_listen[0m
2025-02-18 19:33:17,737 [DEBUG]  There is no applicable rule.
2025-02-18 19:33:17,737 [DEBUG]  [[32m[1mdebug    [0m] [1mrule_policy.actions.find      [0m [36mcurrent_states[0m=[35m
[state 1] user intent: request_info | previous action name: action_listen
[state 2] user intent: request_info | previous action name: utter_ask_more
[state 3] user intent: request_info | previous action name: action_listen
[state 4] user intent: request_info | previous action name: utter_ask_more
[state 5] user intent: request_info | previous action name: action_listen
[state 6] user intent: request_info | previous action name: utter_ask_more
[state 7] user intent: request_info | previous action name: action_listen[0m
2025-02-18 19:33:17,738 [DEBUG]  There is a rule for the next action 'utter_ask_more'.
2025-02-18 19:33:17,738 [DEBUG]  Node 'run_TEDPolicy2' running 'TEDPolicy.predict_action_probabilities'.
2025-02-18 19:33:17,744 [DEBUG]  TED predicted 'action_default_ask_rephrase' based on user intent.
2025-02-18 19:33:17,745 [DEBUG]  Node 'select_prediction' running 'DefaultPolicyPredictionEnsemble.combine_predictions_from_kwargs'.
2025-02-18 19:33:17,745 [DEBUG]  Made prediction using user intent.
2025-02-18 19:33:17,745 [DEBUG]  Added `DefinePrevUserUtteredFeaturization(False)` event.
2025-02-18 19:33:17,745 [DEBUG]  Predicted next action using RulePolicy.
2025-02-18 19:33:17,746 [DEBUG]  Predicted next action 'utter_ask_more' with confidence 1.00.
2025-02-18 19:33:17,746 [DEBUG]  [[32m[1mdebug    [0m] [1mprocessor.actions.policy_prediction[0m [36mprediction_events[0m=[35m[<rasa.shared.core.events.DefinePrevUserUtteredFeaturization object at 0x00000270C037EC20>][0m
2025-02-18 19:33:17,747 [DEBUG]  [[32m[1mdebug    [0m] [1mprocessor.actions.log         [0m [36maction_name[0m=[35mutter_ask_more[0m [36mrasa_events[0m=[35m[BotUttered('Что именно вас интересует в архитектуре программного обеспечения?', {"elements": null, "quick_replies": null, "buttons": null, "attachment": null, "image": null, "custom": null}, {"utter_action": "utter_ask_more"}, 1739896397.7462656)][0m
2025-02-18 19:33:17,748 [DEBUG]  Running graph with inputs: {'__tracker__': <rasa.shared.core.trackers.DialogueStateTracker object at 0x00000270BCB45420>}, targets: ['select_prediction'] and ExecutionContext(model_id='25b51c4994f84047a6a2441cf4caf554', should_add_diagnostic_data=False, is_finetuning=False, node_name=None).
2025-02-18 19:33:17,749 [DEBUG]  Node 'rule_only_data_provider' running 'RuleOnlyDataProvider.provide'.
2025-02-18 19:33:17,749 [DEBUG]  Node 'domain_provider' running 'DomainProvider.provide_inference'.
2025-02-18 19:33:17,749 [DEBUG]  Node 'run_MemoizationPolicy0' running 'MemoizationPolicy.predict_action_probabilities'.
2025-02-18 19:33:17,750 [DEBUG]  [[32m[1mdebug    [0m] [1mmemoization.predict.actions   [0m [36mtracker_states[0m=[35m[{'user': {'intent': 'request_info'}, 'prev_action': {'action_name': 'action_listen'}}, {'user': {'intent': 'request_info'}, 'prev_action': {'action_name': 'utter_ask_more'}}][0m
2025-02-18 19:33:17,750 [DEBUG]  There is a memorised next action 'action_listen'
2025-02-18 19:33:17,750 [DEBUG]  Node 'run_RulePolicy1' running 'RulePolicy.predict_action_probabilities'.
2025-02-18 19:33:17,751 [DEBUG]  [[32m[1mdebug    [0m] [1mrule_policy.actions.find      [0m [36mcurrent_states[0m=[35m
[state 1] user intent: request_info | previous action name: action_listen
[state 2] user intent: request_info | previous action name: utter_ask_more
[state 3] user intent: request_info | previous action name: action_listen
[state 4] user intent: request_info | previous action name: utter_ask_more
[state 5] user intent: request_info | previous action name: action_listen
[state 6] user intent: request_info | previous action name: utter_ask_more
[state 7] user intent: request_info | previous action name: action_listen
[state 8] user intent: request_info | previous action name: utter_ask_more[0m
2025-02-18 19:33:17,751 [DEBUG]  There is a rule for the next action 'action_listen'.
2025-02-18 19:33:17,752 [DEBUG]  Node 'run_TEDPolicy2' running 'TEDPolicy.predict_action_probabilities'.
2025-02-18 19:33:17,757 [DEBUG]  TED predicted 'action_deactivate_loop' based on user intent.
2025-02-18 19:33:17,758 [DEBUG]  Node 'select_prediction' running 'DefaultPolicyPredictionEnsemble.combine_predictions_from_kwargs'.
2025-02-18 19:33:17,758 [DEBUG]  Predicted next action using RulePolicy.
2025-02-18 19:33:17,759 [DEBUG]  Predicted next action 'action_listen' with confidence 1.00.
2025-02-18 19:33:17,760 [DEBUG]  [[32m[1mdebug    [0m] [1mprocessor.actions.policy_prediction[0m [36mprediction_events[0m=[35m[][0m
2025-02-18 19:33:17,760 [DEBUG]  [[32m[1mdebug    [0m] [1mprocessor.actions.log         [0m [36maction_name[0m=[35maction_listen[0m [36mrasa_events[0m=[35m[][0m
2025-02-18 19:33:17,761 [DEBUG]  No event broker configured. Skipping streaming events.
2025-02-18 19:33:17,762 [DEBUG]  Deleted lock for conversation 'PractikumStudent'.
2025-02-18 19:33:33,391 [DEBUG]  Issuing ticket for conversation 'PractikumStudent'.
2025-02-18 19:33:33,392 [DEBUG]  Acquiring lock for conversation 'PractikumStudent'.
2025-02-18 19:33:33,392 [DEBUG]  Acquired lock for conversation 'PractikumStudent'.
2025-02-18 19:33:33,392 [DEBUG]  Recreating tracker for id 'PractikumStudent'
2025-02-18 19:33:33,395 [DEBUG]  Running graph with inputs: {'__message__': [<rasa.core.channels.channel.UserMessage object at 0x00000270BCB472B0>], '__tracker__': <rasa.shared.core.trackers.DialogueStateTracker object at 0x00000270BCB44BE0>}, targets: ['run_RegexMessageHandler'] and ExecutionContext(model_id='25b51c4994f84047a6a2441cf4caf554', should_add_diagnostic_data=False, is_finetuning=False, node_name=None).
2025-02-18 19:33:33,396 [DEBUG]  Node 'nlu_message_converter' running 'NLUMessageConverter.convert_user_message'.
2025-02-18 19:33:33,397 [DEBUG]  Node 'run_WhitespaceTokenizer0' running 'WhitespaceTokenizer.process'.
2025-02-18 19:33:33,397 [DEBUG]  Node 'run_RegexFeaturizer1' running 'RegexFeaturizer.process'.
2025-02-18 19:33:33,398 [DEBUG]  Node 'run_LexicalSyntacticFeaturizer2' running 'LexicalSyntacticFeaturizer.process'.
2025-02-18 19:33:33,399 [DEBUG]  Node 'run_CountVectorsFeaturizer3' running 'CountVectorsFeaturizer.process'.
2025-02-18 19:33:33,400 [DEBUG]  Node 'run_LanguageModelFeaturizer4' running 'LanguageModelFeaturizer.process'.
2025-02-18 19:33:33,728 [DEBUG]  Node 'run_DIETClassifier5' running 'DIETClassifier.process'.
2025-02-18 19:33:33,735 [DEBUG]  Node 'run_EntitySynonymMapper6' running 'EntitySynonymMapper.process'.
2025-02-18 19:33:33,735 [DEBUG]  Node 'run_ResponseSelector7' running 'ResponseSelector.process'.
2025-02-18 19:33:33,735 [DEBUG]  There is no trained model for 'ResponseSelector': The component is either not trained or didn't receive enough training data.
2025-02-18 19:33:33,736 [DEBUG]  Adding following selector key to message property: default
2025-02-18 19:33:33,736 [DEBUG]  Node 'domain_provider' running 'DomainProvider.provide_inference'.
2025-02-18 19:33:33,736 [DEBUG]  Node 'run_RegexMessageHandler' running 'RegexMessageHandler.process'.
2025-02-18 19:33:33,738 [DEBUG]  [[32m[1mdebug    [0m] [1mprocessor.message.parse       [0m [36mparse_data_entities[0m=[35m[][0m [36mparse_data_intent[0m=[35m{'name': 'ask_architecture', 'confidence': 0.3298168182373047}[0m [36mparse_data_text[0m=[35mесть ли жизнь на марсе?[0m
2025-02-18 19:33:33,738 [DEBUG]  Logged UserUtterance - tracker now has 35 events.
2025-02-18 19:33:33,739 [DEBUG]  Validating extracted slots: topic
2025-02-18 19:33:33,739 [DEBUG]  [[32m[1mdebug    [0m] [1mprocessor.extract.slots       [0m [36maction_extract_slot[0m=[35maction_extract_slots[0m [36mlen_extraction_events[0m=[35m1[0m [36mrasa_events[0m=[35m[SlotSet(key: topic, value: есть ли жизнь на марсе?)][0m
2025-02-18 19:33:33,740 [DEBUG]  Running graph with inputs: {'__tracker__': <rasa.shared.core.trackers.DialogueStateTracker object at 0x00000270BCB44BE0>}, targets: ['select_prediction'] and ExecutionContext(model_id='25b51c4994f84047a6a2441cf4caf554', should_add_diagnostic_data=False, is_finetuning=False, node_name=None).
2025-02-18 19:33:33,740 [DEBUG]  Node 'rule_only_data_provider' running 'RuleOnlyDataProvider.provide'.
2025-02-18 19:33:33,740 [DEBUG]  Node 'domain_provider' running 'DomainProvider.provide_inference'.
2025-02-18 19:33:33,741 [DEBUG]  Node 'run_MemoizationPolicy0' running 'MemoizationPolicy.predict_action_probabilities'.
2025-02-18 19:33:33,743 [DEBUG]  [[32m[1mdebug    [0m] [1mmemoization.predict.actions   [0m [36mtracker_states[0m=[35m[{'user': {'intent': 'request_info'}, 'prev_action': {'action_name': 'utter_ask_more'}}, {'user': {'intent': 'ask_architecture'}, 'prev_action': {'action_name': 'action_listen'}}][0m
2025-02-18 19:33:33,743 [DEBUG]  There is no memorised next action
2025-02-18 19:33:33,744 [DEBUG]  Node 'run_RulePolicy1' running 'RulePolicy.predict_action_probabilities'.
2025-02-18 19:33:33,744 [DEBUG]  [[32m[1mdebug    [0m] [1mrule_policy.actions.find      [0m [36mcurrent_states[0m=[35m
[state 1] user intent: request_info | previous action name: action_listen
[state 2] user intent: request_info | previous action name: utter_ask_more
[state 3] user intent: request_info | previous action name: action_listen
[state 4] user intent: request_info | previous action name: utter_ask_more
[state 5] user intent: request_info | previous action name: action_listen
[state 6] user intent: request_info | previous action name: utter_ask_more
[state 7] user intent: request_info | previous action name: action_listen
[state 8] user intent: request_info | previous action name: utter_ask_more
[state 9] user text: есть ли жизнь на марсе? | previous action name: action_listen[0m
2025-02-18 19:33:33,745 [DEBUG]  There is no applicable rule.
2025-02-18 19:33:33,746 [DEBUG]  [[32m[1mdebug    [0m] [1mrule_policy.actions.find      [0m [36mcurrent_states[0m=[35m
[state 1] user intent: request_info | previous action name: action_listen
[state 2] user intent: request_info | previous action name: utter_ask_more
[state 3] user intent: request_info | previous action name: action_listen
[state 4] user intent: request_info | previous action name: utter_ask_more
[state 5] user intent: request_info | previous action name: action_listen
[state 6] user intent: request_info | previous action name: utter_ask_more
[state 7] user intent: request_info | previous action name: action_listen
[state 8] user intent: request_info | previous action name: utter_ask_more
[state 9] user intent: ask_architecture | previous action name: action_listen[0m
2025-02-18 19:33:33,746 [DEBUG]  There is a rule for the next action 'utter_architecture_response'.
2025-02-18 19:33:33,746 [DEBUG]  Node 'run_TEDPolicy2' running 'TEDPolicy.predict_action_probabilities'.
2025-02-18 19:33:33,752 [DEBUG]  TED predicted 'utter_goodbye' based on user intent.
2025-02-18 19:33:33,752 [DEBUG]  Node 'select_prediction' running 'DefaultPolicyPredictionEnsemble.combine_predictions_from_kwargs'.
2025-02-18 19:33:33,753 [DEBUG]  Made prediction using user intent.
2025-02-18 19:33:33,753 [DEBUG]  Added `DefinePrevUserUtteredFeaturization(False)` event.
2025-02-18 19:33:33,753 [DEBUG]  Predicted next action using RulePolicy.
2025-02-18 19:33:33,754 [DEBUG]  Predicted next action 'utter_architecture_response' with confidence 1.00.
2025-02-18 19:33:33,754 [DEBUG]  [[32m[1mdebug    [0m] [1mprocessor.actions.policy_prediction[0m [36mprediction_events[0m=[35m[<rasa.shared.core.events.DefinePrevUserUtteredFeaturization object at 0x00000270C037E5C0>][0m
2025-02-18 19:33:33,755 [DEBUG]  [[32m[1mdebug    [0m] [1mprocessor.actions.log         [0m [36maction_name[0m=[35mutter_architecture_response[0m [36mrasa_events[0m=[35m[BotUttered('Архитектура ПО включает выбор структур, которые обеспечивают масштабируемость, гибкость и поддерживаемость приложения. Задайте конкретный вопрос по этой теме, и я помогу вам с информацией.', {"elements": null, "quick_replies": null, "buttons": null, "attachment": null, "image": null, "custom": null}, {"utter_action": "utter_architecture_response"}, 1739896413.7540052)][0m
2025-02-18 19:33:33,755 [DEBUG]  Running graph with inputs: {'__tracker__': <rasa.shared.core.trackers.DialogueStateTracker object at 0x00000270BCB44BE0>}, targets: ['select_prediction'] and ExecutionContext(model_id='25b51c4994f84047a6a2441cf4caf554', should_add_diagnostic_data=False, is_finetuning=False, node_name=None).
2025-02-18 19:33:33,756 [DEBUG]  Node 'rule_only_data_provider' running 'RuleOnlyDataProvider.provide'.
2025-02-18 19:33:33,756 [DEBUG]  Node 'domain_provider' running 'DomainProvider.provide_inference'.
2025-02-18 19:33:33,757 [DEBUG]  Node 'run_MemoizationPolicy0' running 'MemoizationPolicy.predict_action_probabilities'.
2025-02-18 19:33:33,758 [DEBUG]  [[32m[1mdebug    [0m] [1mmemoization.predict.actions   [0m [36mtracker_states[0m=[35m[{'user': {'intent': 'ask_architecture'}, 'prev_action': {'action_name': 'action_listen'}}, {'user': {'intent': 'ask_architecture'}, 'prev_action': {'action_name': 'utter_architecture_response'}}][0m
2025-02-18 19:33:33,759 [DEBUG]  There is a memorised next action 'action_listen'
2025-02-18 19:33:33,759 [DEBUG]  Node 'run_RulePolicy1' running 'RulePolicy.predict_action_probabilities'.
2025-02-18 19:33:33,760 [DEBUG]  [[32m[1mdebug    [0m] [1mrule_policy.actions.find      [0m [36mcurrent_states[0m=[35m
[state 1] user intent: request_info | previous action name: action_listen
[state 2] user intent: request_info | previous action name: utter_ask_more
[state 3] user intent: request_info | previous action name: action_listen
[state 4] user intent: request_info | previous action name: utter_ask_more
[state 5] user intent: request_info | previous action name: action_listen
[state 6] user intent: request_info | previous action name: utter_ask_more
[state 7] user intent: request_info | previous action name: action_listen
[state 8] user intent: request_info | previous action name: utter_ask_more
[state 9] user intent: ask_architecture | previous action name: action_listen
[state 10] user intent: ask_architecture | previous action name: utter_architecture_response[0m
2025-02-18 19:33:33,761 [DEBUG]  There is a rule for the next action 'action_listen'.
2025-02-18 19:33:33,761 [DEBUG]  Node 'run_TEDPolicy2' running 'TEDPolicy.predict_action_probabilities'.
2025-02-18 19:33:33,767 [DEBUG]  TED predicted 'action_revert_fallback_events' based on user intent.
2025-02-18 19:33:33,767 [DEBUG]  Node 'select_prediction' running 'DefaultPolicyPredictionEnsemble.combine_predictions_from_kwargs'.
2025-02-18 19:33:33,767 [DEBUG]  Predicted next action using RulePolicy.
2025-02-18 19:33:33,768 [DEBUG]  Predicted next action 'action_listen' with confidence 1.00.
2025-02-18 19:33:33,768 [DEBUG]  [[32m[1mdebug    [0m] [1mprocessor.actions.policy_prediction[0m [36mprediction_events[0m=[35m[][0m
2025-02-18 19:33:33,769 [DEBUG]  [[32m[1mdebug    [0m] [1mprocessor.actions.log         [0m [36maction_name[0m=[35maction_listen[0m [36mrasa_events[0m=[35m[][0m
2025-02-18 19:33:33,769 [DEBUG]  No event broker configured. Skipping streaming events.
2025-02-18 19:33:33,770 [DEBUG]  Deleted lock for conversation 'PractikumStudent'.
2025-02-18 19:33:47,244 [DEBUG]  Issuing ticket for conversation 'PractikumStudent'.
2025-02-18 19:33:47,244 [DEBUG]  Acquiring lock for conversation 'PractikumStudent'.
2025-02-18 19:33:47,245 [DEBUG]  Acquired lock for conversation 'PractikumStudent'.
2025-02-18 19:33:47,245 [DEBUG]  Recreating tracker for id 'PractikumStudent'
2025-02-18 19:33:47,249 [DEBUG]  Running graph with inputs: {'__message__': [<rasa.core.channels.channel.UserMessage object at 0x00000270BCB44670>], '__tracker__': <rasa.shared.core.trackers.DialogueStateTracker object at 0x00000270BCB45420>}, targets: ['run_RegexMessageHandler'] and ExecutionContext(model_id='25b51c4994f84047a6a2441cf4caf554', should_add_diagnostic_data=False, is_finetuning=False, node_name=None).
2025-02-18 19:33:47,250 [DEBUG]  Node 'nlu_message_converter' running 'NLUMessageConverter.convert_user_message'.
2025-02-18 19:33:47,250 [DEBUG]  Node 'run_WhitespaceTokenizer0' running 'WhitespaceTokenizer.process'.
2025-02-18 19:33:47,250 [DEBUG]  Node 'run_RegexFeaturizer1' running 'RegexFeaturizer.process'.
2025-02-18 19:33:47,251 [DEBUG]  Node 'run_LexicalSyntacticFeaturizer2' running 'LexicalSyntacticFeaturizer.process'.
2025-02-18 19:33:47,253 [DEBUG]  Node 'run_CountVectorsFeaturizer3' running 'CountVectorsFeaturizer.process'.
2025-02-18 19:33:47,254 [DEBUG]  Node 'run_LanguageModelFeaturizer4' running 'LanguageModelFeaturizer.process'.
2025-02-18 19:33:47,752 [DEBUG]  Node 'run_DIETClassifier5' running 'DIETClassifier.process'.
2025-02-18 19:33:47,760 [DEBUG]  Node 'run_EntitySynonymMapper6' running 'EntitySynonymMapper.process'.
2025-02-18 19:33:47,761 [DEBUG]  Node 'run_ResponseSelector7' running 'ResponseSelector.process'.
2025-02-18 19:33:47,761 [DEBUG]  There is no trained model for 'ResponseSelector': The component is either not trained or didn't receive enough training data.
2025-02-18 19:33:47,762 [DEBUG]  Adding following selector key to message property: default
2025-02-18 19:33:47,762 [DEBUG]  Node 'domain_provider' running 'DomainProvider.provide_inference'.
2025-02-18 19:33:47,762 [DEBUG]  Node 'run_RegexMessageHandler' running 'RegexMessageHandler.process'.
2025-02-18 19:33:47,763 [DEBUG]  [[32m[1mdebug    [0m] [1mprocessor.message.parse       [0m [36mparse_data_entities[0m=[35m[][0m [36mparse_data_intent[0m=[35m{'name': 'ask_architecture', 'confidence': 0.24309158325195312}[0m [36mparse_data_text[0m=[35mчто такое масштабируемость?[0m
2025-02-18 19:33:47,763 [DEBUG]  Logged UserUtterance - tracker now has 41 events.
2025-02-18 19:33:47,764 [DEBUG]  Validating extracted slots: topic
2025-02-18 19:33:47,765 [DEBUG]  [[32m[1mdebug    [0m] [1mprocessor.extract.slots       [0m [36maction_extract_slot[0m=[35maction_extract_slots[0m [36mlen_extraction_events[0m=[35m1[0m [36mrasa_events[0m=[35m[SlotSet(key: topic, value: что такое масштабируемость?)][0m
2025-02-18 19:33:47,765 [DEBUG]  Running graph with inputs: {'__tracker__': <rasa.shared.core.trackers.DialogueStateTracker object at 0x00000270BCB45420>}, targets: ['select_prediction'] and ExecutionContext(model_id='25b51c4994f84047a6a2441cf4caf554', should_add_diagnostic_data=False, is_finetuning=False, node_name=None).
2025-02-18 19:33:47,766 [DEBUG]  Node 'rule_only_data_provider' running 'RuleOnlyDataProvider.provide'.
2025-02-18 19:33:47,766 [DEBUG]  Node 'domain_provider' running 'DomainProvider.provide_inference'.
2025-02-18 19:33:47,767 [DEBUG]  Node 'run_MemoizationPolicy0' running 'MemoizationPolicy.predict_action_probabilities'.
2025-02-18 19:33:47,767 [DEBUG]  [[32m[1mdebug    [0m] [1mmemoization.predict.actions   [0m [36mtracker_states[0m=[35m[{'user': {'intent': 'ask_architecture'}, 'prev_action': {'action_name': 'utter_architecture_response'}}, {'user': {'intent': 'ask_architecture'}, 'prev_action': {'action_name': 'action_listen'}}][0m
2025-02-18 19:33:47,768 [DEBUG]  There is no memorised next action
2025-02-18 19:33:47,768 [DEBUG]  Node 'run_RulePolicy1' running 'RulePolicy.predict_action_probabilities'.
2025-02-18 19:33:47,769 [DEBUG]  [[32m[1mdebug    [0m] [1mrule_policy.actions.find      [0m [36mcurrent_states[0m=[35m
[state 1] user intent: request_info | previous action name: action_listen
[state 2] user intent: request_info | previous action name: utter_ask_more
[state 3] user intent: request_info | previous action name: action_listen
[state 4] user intent: request_info | previous action name: utter_ask_more
[state 5] user intent: request_info | previous action name: action_listen
[state 6] user intent: request_info | previous action name: utter_ask_more
[state 7] user intent: request_info | previous action name: action_listen
[state 8] user intent: request_info | previous action name: utter_ask_more
[state 9] user intent: ask_architecture | previous action name: action_listen
[state 10] user intent: ask_architecture | previous action name: utter_architecture_response
[state 11] user text: что такое масштабируемость? | previous action name: action_listen[0m
2025-02-18 19:33:47,769 [DEBUG]  There is no applicable rule.
2025-02-18 19:33:47,770 [DEBUG]  [[32m[1mdebug    [0m] [1mrule_policy.actions.find      [0m [36mcurrent_states[0m=[35m
[state 1] user intent: request_info | previous action name: action_listen
[state 2] user intent: request_info | previous action name: utter_ask_more
[state 3] user intent: request_info | previous action name: action_listen
[state 4] user intent: request_info | previous action name: utter_ask_more
[state 5] user intent: request_info | previous action name: action_listen
[state 6] user intent: request_info | previous action name: utter_ask_more
[state 7] user intent: request_info | previous action name: action_listen
[state 8] user intent: request_info | previous action name: utter_ask_more
[state 9] user intent: ask_architecture | previous action name: action_listen
[state 10] user intent: ask_architecture | previous action name: utter_architecture_response
[state 11] user intent: ask_architecture | previous action name: action_listen[0m
2025-02-18 19:33:47,771 [DEBUG]  There is a rule for the next action 'utter_architecture_response'.
2025-02-18 19:33:47,771 [DEBUG]  Node 'run_TEDPolicy2' running 'TEDPolicy.predict_action_probabilities'.
2025-02-18 19:33:47,778 [DEBUG]  TED predicted 'utter_goodbye' based on user intent.
2025-02-18 19:33:47,779 [DEBUG]  Node 'select_prediction' running 'DefaultPolicyPredictionEnsemble.combine_predictions_from_kwargs'.
2025-02-18 19:33:47,779 [DEBUG]  Made prediction using user intent.
2025-02-18 19:33:47,779 [DEBUG]  Added `DefinePrevUserUtteredFeaturization(False)` event.
2025-02-18 19:33:47,779 [DEBUG]  Predicted next action using RulePolicy.
2025-02-18 19:33:47,780 [DEBUG]  Predicted next action 'utter_architecture_response' with confidence 1.00.
2025-02-18 19:33:47,781 [DEBUG]  [[32m[1mdebug    [0m] [1mprocessor.actions.policy_prediction[0m [36mprediction_events[0m=[35m[<rasa.shared.core.events.DefinePrevUserUtteredFeaturization object at 0x00000270C037E320>][0m
2025-02-18 19:33:47,781 [DEBUG]  [[32m[1mdebug    [0m] [1mprocessor.actions.log         [0m [36maction_name[0m=[35mutter_architecture_response[0m [36mrasa_events[0m=[35m[BotUttered('Архитектура ПО включает выбор структур, которые обеспечивают масштабируемость, гибкость и поддерживаемость приложения. Задайте конкретный вопрос по этой теме, и я помогу вам с информацией.', {"elements": null, "quick_replies": null, "buttons": null, "attachment": null, "image": null, "custom": null}, {"utter_action": "utter_architecture_response"}, 1739896427.781141)][0m
2025-02-18 19:33:47,782 [DEBUG]  Running graph with inputs: {'__tracker__': <rasa.shared.core.trackers.DialogueStateTracker object at 0x00000270BCB45420>}, targets: ['select_prediction'] and ExecutionContext(model_id='25b51c4994f84047a6a2441cf4caf554', should_add_diagnostic_data=False, is_finetuning=False, node_name=None).
2025-02-18 19:33:47,783 [DEBUG]  Node 'rule_only_data_provider' running 'RuleOnlyDataProvider.provide'.
2025-02-18 19:33:47,783 [DEBUG]  Node 'domain_provider' running 'DomainProvider.provide_inference'.
2025-02-18 19:33:47,783 [DEBUG]  Node 'run_MemoizationPolicy0' running 'MemoizationPolicy.predict_action_probabilities'.
2025-02-18 19:33:47,784 [DEBUG]  [[32m[1mdebug    [0m] [1mmemoization.predict.actions   [0m [36mtracker_states[0m=[35m[{'user': {'intent': 'ask_architecture'}, 'prev_action': {'action_name': 'action_listen'}}, {'user': {'intent': 'ask_architecture'}, 'prev_action': {'action_name': 'utter_architecture_response'}}][0m
2025-02-18 19:33:47,785 [DEBUG]  There is a memorised next action 'action_listen'
2025-02-18 19:33:47,785 [DEBUG]  Node 'run_RulePolicy1' running 'RulePolicy.predict_action_probabilities'.
2025-02-18 19:33:47,786 [DEBUG]  [[32m[1mdebug    [0m] [1mrule_policy.actions.find      [0m [36mcurrent_states[0m=[35m
[state 1] user intent: request_info | previous action name: action_listen
[state 2] user intent: request_info | previous action name: utter_ask_more
[state 3] user intent: request_info | previous action name: action_listen
[state 4] user intent: request_info | previous action name: utter_ask_more
[state 5] user intent: request_info | previous action name: action_listen
[state 6] user intent: request_info | previous action name: utter_ask_more
[state 7] user intent: request_info | previous action name: action_listen
[state 8] user intent: request_info | previous action name: utter_ask_more
[state 9] user intent: ask_architecture | previous action name: action_listen
[state 10] user intent: ask_architecture | previous action name: utter_architecture_response
[state 11] user intent: ask_architecture | previous action name: action_listen
[state 12] user intent: ask_architecture | previous action name: utter_architecture_response[0m
2025-02-18 19:33:47,787 [DEBUG]  There is a rule for the next action 'action_listen'.
2025-02-18 19:33:47,787 [DEBUG]  Node 'run_TEDPolicy2' running 'TEDPolicy.predict_action_probabilities'.
2025-02-18 19:33:47,793 [DEBUG]  TED predicted 'action_revert_fallback_events' based on user intent.
2025-02-18 19:33:47,794 [DEBUG]  Node 'select_prediction' running 'DefaultPolicyPredictionEnsemble.combine_predictions_from_kwargs'.
2025-02-18 19:33:47,795 [DEBUG]  Predicted next action using RulePolicy.
2025-02-18 19:33:47,796 [DEBUG]  Predicted next action 'action_listen' with confidence 1.00.
2025-02-18 19:33:47,796 [DEBUG]  [[32m[1mdebug    [0m] [1mprocessor.actions.policy_prediction[0m [36mprediction_events[0m=[35m[][0m
2025-02-18 19:33:47,797 [DEBUG]  [[32m[1mdebug    [0m] [1mprocessor.actions.log         [0m [36maction_name[0m=[35maction_listen[0m [36mrasa_events[0m=[35m[][0m
2025-02-18 19:33:47,797 [DEBUG]  No event broker configured. Skipping streaming events.
2025-02-18 19:33:47,798 [DEBUG]  Deleted lock for conversation 'PractikumStudent'.
2025-02-18 19:42:29,411 [DEBUG]  Issuing ticket for conversation 'PractikumStudent'.
2025-02-18 19:42:29,412 [DEBUG]  Acquiring lock for conversation 'PractikumStudent'.
2025-02-18 19:42:29,412 [DEBUG]  Acquired lock for conversation 'PractikumStudent'.
2025-02-18 19:42:29,413 [DEBUG]  Recreating tracker for id 'PractikumStudent'
2025-02-18 19:42:29,417 [DEBUG]  Running graph with inputs: {'__message__': [<rasa.core.channels.channel.UserMessage object at 0x00000270BCB472B0>], '__tracker__': <rasa.shared.core.trackers.DialogueStateTracker object at 0x00000270BCB457E0>}, targets: ['run_RegexMessageHandler'] and ExecutionContext(model_id='25b51c4994f84047a6a2441cf4caf554', should_add_diagnostic_data=False, is_finetuning=False, node_name=None).
2025-02-18 19:42:29,418 [DEBUG]  Node 'nlu_message_converter' running 'NLUMessageConverter.convert_user_message'.
2025-02-18 19:42:29,418 [DEBUG]  Node 'run_WhitespaceTokenizer0' running 'WhitespaceTokenizer.process'.
2025-02-18 19:42:29,419 [DEBUG]  Node 'run_RegexFeaturizer1' running 'RegexFeaturizer.process'.
2025-02-18 19:42:29,419 [DEBUG]  Node 'run_LexicalSyntacticFeaturizer2' running 'LexicalSyntacticFeaturizer.process'.
2025-02-18 19:42:29,419 [DEBUG]  Node 'run_CountVectorsFeaturizer3' running 'CountVectorsFeaturizer.process'.
2025-02-18 19:42:29,420 [DEBUG]  Node 'run_LanguageModelFeaturizer4' running 'LanguageModelFeaturizer.process'.
2025-02-18 19:42:29,690 [DEBUG]  Node 'run_DIETClassifier5' running 'DIETClassifier.process'.
2025-02-18 19:42:29,697 [DEBUG]  Node 'run_EntitySynonymMapper6' running 'EntitySynonymMapper.process'.
2025-02-18 19:42:29,697 [DEBUG]  Node 'run_ResponseSelector7' running 'ResponseSelector.process'.
2025-02-18 19:42:29,698 [DEBUG]  There is no trained model for 'ResponseSelector': The component is either not trained or didn't receive enough training data.
2025-02-18 19:42:29,698 [DEBUG]  Adding following selector key to message property: default
2025-02-18 19:42:29,698 [DEBUG]  Node 'domain_provider' running 'DomainProvider.provide_inference'.
2025-02-18 19:42:29,699 [DEBUG]  Node 'run_RegexMessageHandler' running 'RegexMessageHandler.process'.
2025-02-18 19:42:29,700 [DEBUG]  [[32m[1mdebug    [0m] [1mprocessor.message.parse       [0m [36mparse_data_entities[0m=[35m[][0m [36mparse_data_intent[0m=[35m{'name': 'request_info', 'confidence': 0.2543521523475647}[0m [36mparse_data_text[0m=[35mЗдарова[0m
2025-02-18 19:42:29,700 [DEBUG]  Logged UserUtterance - tracker now has 47 events.
2025-02-18 19:42:29,701 [DEBUG]  Validating extracted slots: topic
2025-02-18 19:42:29,701 [DEBUG]  [[32m[1mdebug    [0m] [1mprocessor.extract.slots       [0m [36maction_extract_slot[0m=[35maction_extract_slots[0m [36mlen_extraction_events[0m=[35m1[0m [36mrasa_events[0m=[35m[SlotSet(key: topic, value: Здарова)][0m
2025-02-18 19:42:29,702 [DEBUG]  Running graph with inputs: {'__tracker__': <rasa.shared.core.trackers.DialogueStateTracker object at 0x00000270BCB457E0>}, targets: ['select_prediction'] and ExecutionContext(model_id='25b51c4994f84047a6a2441cf4caf554', should_add_diagnostic_data=False, is_finetuning=False, node_name=None).
2025-02-18 19:42:29,702 [DEBUG]  Node 'rule_only_data_provider' running 'RuleOnlyDataProvider.provide'.
2025-02-18 19:42:29,702 [DEBUG]  Node 'domain_provider' running 'DomainProvider.provide_inference'.
2025-02-18 19:42:29,703 [DEBUG]  Node 'run_MemoizationPolicy0' running 'MemoizationPolicy.predict_action_probabilities'.
2025-02-18 19:42:29,703 [DEBUG]  [[32m[1mdebug    [0m] [1mmemoization.predict.actions   [0m [36mtracker_states[0m=[35m[{'user': {'intent': 'ask_architecture'}, 'prev_action': {'action_name': 'utter_architecture_response'}}, {'user': {'intent': 'request_info'}, 'prev_action': {'action_name': 'action_listen'}}][0m
2025-02-18 19:42:29,704 [DEBUG]  There is no memorised next action
2025-02-18 19:42:29,704 [DEBUG]  Node 'run_RulePolicy1' running 'RulePolicy.predict_action_probabilities'.
2025-02-18 19:42:29,705 [DEBUG]  [[32m[1mdebug    [0m] [1mrule_policy.actions.find      [0m [36mcurrent_states[0m=[35m
[state 1] user intent: request_info | previous action name: action_listen
[state 2] user intent: request_info | previous action name: utter_ask_more
[state 3] user intent: request_info | previous action name: action_listen
[state 4] user intent: request_info | previous action name: utter_ask_more
[state 5] user intent: request_info | previous action name: action_listen
[state 6] user intent: request_info | previous action name: utter_ask_more
[state 7] user intent: request_info | previous action name: action_listen
[state 8] user intent: request_info | previous action name: utter_ask_more
[state 9] user intent: ask_architecture | previous action name: action_listen
[state 10] user intent: ask_architecture | previous action name: utter_architecture_response
[state 11] user intent: ask_architecture | previous action name: action_listen
[state 12] user intent: ask_architecture | previous action name: utter_architecture_response
[state 13] user text: Здарова | previous action name: action_listen[0m
2025-02-18 19:42:29,705 [DEBUG]  There is no applicable rule.
2025-02-18 19:42:29,706 [DEBUG]  [[32m[1mdebug    [0m] [1mrule_policy.actions.find      [0m [36mcurrent_states[0m=[35m
[state 1] user intent: request_info | previous action name: action_listen
[state 2] user intent: request_info | previous action name: utter_ask_more
[state 3] user intent: request_info | previous action name: action_listen
[state 4] user intent: request_info | previous action name: utter_ask_more
[state 5] user intent: request_info | previous action name: action_listen
[state 6] user intent: request_info | previous action name: utter_ask_more
[state 7] user intent: request_info | previous action name: action_listen
[state 8] user intent: request_info | previous action name: utter_ask_more
[state 9] user intent: ask_architecture | previous action name: action_listen
[state 10] user intent: ask_architecture | previous action name: utter_architecture_response
[state 11] user intent: ask_architecture | previous action name: action_listen
[state 12] user intent: ask_architecture | previous action name: utter_architecture_response
[state 13] user intent: request_info | previous action name: action_listen[0m
2025-02-18 19:42:29,706 [DEBUG]  There is a rule for the next action 'utter_ask_more'.
2025-02-18 19:42:29,707 [DEBUG]  Node 'run_TEDPolicy2' running 'TEDPolicy.predict_action_probabilities'.
2025-02-18 19:42:29,712 [DEBUG]  TED predicted 'action_default_ask_rephrase' based on user intent.
2025-02-18 19:42:29,713 [DEBUG]  Node 'select_prediction' running 'DefaultPolicyPredictionEnsemble.combine_predictions_from_kwargs'.
2025-02-18 19:42:29,713 [DEBUG]  Made prediction using user intent.
2025-02-18 19:42:29,713 [DEBUG]  Added `DefinePrevUserUtteredFeaturization(False)` event.
2025-02-18 19:42:29,713 [DEBUG]  Predicted next action using RulePolicy.
2025-02-18 19:42:29,714 [DEBUG]  Predicted next action 'utter_ask_more' with confidence 1.00.
2025-02-18 19:42:29,715 [DEBUG]  [[32m[1mdebug    [0m] [1mprocessor.actions.policy_prediction[0m [36mprediction_events[0m=[35m[<rasa.shared.core.events.DefinePrevUserUtteredFeaturization object at 0x00000270C037D180>][0m
2025-02-18 19:42:29,715 [DEBUG]  [[32m[1mdebug    [0m] [1mprocessor.actions.log         [0m [36maction_name[0m=[35mutter_ask_more[0m [36mrasa_events[0m=[35m[BotUttered('Что именно вас интересует в архитектуре программного обеспечения?', {"elements": null, "quick_replies": null, "buttons": null, "attachment": null, "image": null, "custom": null}, {"utter_action": "utter_ask_more"}, 1739896949.715949)][0m
2025-02-18 19:42:29,716 [DEBUG]  Running graph with inputs: {'__tracker__': <rasa.shared.core.trackers.DialogueStateTracker object at 0x00000270BCB457E0>}, targets: ['select_prediction'] and ExecutionContext(model_id='25b51c4994f84047a6a2441cf4caf554', should_add_diagnostic_data=False, is_finetuning=False, node_name=None).
2025-02-18 19:42:29,716 [DEBUG]  Node 'rule_only_data_provider' running 'RuleOnlyDataProvider.provide'.
2025-02-18 19:42:29,717 [DEBUG]  Node 'domain_provider' running 'DomainProvider.provide_inference'.
2025-02-18 19:42:29,717 [DEBUG]  Node 'run_MemoizationPolicy0' running 'MemoizationPolicy.predict_action_probabilities'.
2025-02-18 19:42:29,718 [DEBUG]  [[32m[1mdebug    [0m] [1mmemoization.predict.actions   [0m [36mtracker_states[0m=[35m[{'user': {'intent': 'request_info'}, 'prev_action': {'action_name': 'action_listen'}}, {'user': {'intent': 'request_info'}, 'prev_action': {'action_name': 'utter_ask_more'}}][0m
2025-02-18 19:42:29,718 [DEBUG]  There is a memorised next action 'action_listen'
2025-02-18 19:42:29,718 [DEBUG]  Node 'run_RulePolicy1' running 'RulePolicy.predict_action_probabilities'.
2025-02-18 19:42:29,719 [DEBUG]  [[32m[1mdebug    [0m] [1mrule_policy.actions.find      [0m [36mcurrent_states[0m=[35m
[state 1] user intent: request_info | previous action name: action_listen
[state 2] user intent: request_info | previous action name: utter_ask_more
[state 3] user intent: request_info | previous action name: action_listen
[state 4] user intent: request_info | previous action name: utter_ask_more
[state 5] user intent: request_info | previous action name: action_listen
[state 6] user intent: request_info | previous action name: utter_ask_more
[state 7] user intent: request_info | previous action name: action_listen
[state 8] user intent: request_info | previous action name: utter_ask_more
[state 9] user intent: ask_architecture | previous action name: action_listen
[state 10] user intent: ask_architecture | previous action name: utter_architecture_response
[state 11] user intent: ask_architecture | previous action name: action_listen
[state 12] user intent: ask_architecture | previous action name: utter_architecture_response
[state 13] user intent: request_info | previous action name: action_listen
[state 14] user intent: request_info | previous action name: utter_ask_more[0m
2025-02-18 19:42:29,719 [DEBUG]  There is a rule for the next action 'action_listen'.
2025-02-18 19:42:29,719 [DEBUG]  Node 'run_TEDPolicy2' running 'TEDPolicy.predict_action_probabilities'.
2025-02-18 19:42:29,725 [DEBUG]  TED predicted 'action_deactivate_loop' based on user intent.
2025-02-18 19:42:29,725 [DEBUG]  Node 'select_prediction' running 'DefaultPolicyPredictionEnsemble.combine_predictions_from_kwargs'.
2025-02-18 19:42:29,725 [DEBUG]  Predicted next action using RulePolicy.
2025-02-18 19:42:29,726 [DEBUG]  Predicted next action 'action_listen' with confidence 1.00.
2025-02-18 19:42:29,726 [DEBUG]  [[32m[1mdebug    [0m] [1mprocessor.actions.policy_prediction[0m [36mprediction_events[0m=[35m[][0m
2025-02-18 19:42:29,726 [DEBUG]  [[32m[1mdebug    [0m] [1mprocessor.actions.log         [0m [36maction_name[0m=[35maction_listen[0m [36mrasa_events[0m=[35m[][0m
2025-02-18 19:42:29,727 [DEBUG]  No event broker configured. Skipping streaming events.
2025-02-18 19:42:29,728 [DEBUG]  Deleted lock for conversation 'PractikumStudent'.
2025-02-18 19:42:38,688 [DEBUG]  Issuing ticket for conversation 'PractikumStudent'.
2025-02-18 19:42:38,689 [DEBUG]  Acquiring lock for conversation 'PractikumStudent'.
2025-02-18 19:42:38,689 [DEBUG]  Acquired lock for conversation 'PractikumStudent'.
2025-02-18 19:42:38,690 [DEBUG]  Recreating tracker for id 'PractikumStudent'
2025-02-18 19:42:38,694 [DEBUG]  Running graph with inputs: {'__message__': [<rasa.core.channels.channel.UserMessage object at 0x00000270BF193820>], '__tracker__': <rasa.shared.core.trackers.DialogueStateTracker object at 0x00000270BF191570>}, targets: ['run_RegexMessageHandler'] and ExecutionContext(model_id='25b51c4994f84047a6a2441cf4caf554', should_add_diagnostic_data=False, is_finetuning=False, node_name=None).
2025-02-18 19:42:38,695 [DEBUG]  Node 'nlu_message_converter' running 'NLUMessageConverter.convert_user_message'.
2025-02-18 19:42:38,695 [DEBUG]  Node 'run_WhitespaceTokenizer0' running 'WhitespaceTokenizer.process'.
2025-02-18 19:42:38,696 [DEBUG]  Node 'run_RegexFeaturizer1' running 'RegexFeaturizer.process'.
2025-02-18 19:42:38,696 [DEBUG]  Node 'run_LexicalSyntacticFeaturizer2' running 'LexicalSyntacticFeaturizer.process'.
2025-02-18 19:42:38,697 [DEBUG]  Node 'run_CountVectorsFeaturizer3' running 'CountVectorsFeaturizer.process'.
2025-02-18 19:42:38,701 [DEBUG]  Node 'run_LanguageModelFeaturizer4' running 'LanguageModelFeaturizer.process'.
2025-02-18 19:42:39,015 [DEBUG]  Node 'run_DIETClassifier5' running 'DIETClassifier.process'.
2025-02-18 19:42:39,022 [DEBUG]  Node 'run_EntitySynonymMapper6' running 'EntitySynonymMapper.process'.
2025-02-18 19:42:39,022 [DEBUG]  Node 'run_ResponseSelector7' running 'ResponseSelector.process'.
2025-02-18 19:42:39,023 [DEBUG]  There is no trained model for 'ResponseSelector': The component is either not trained or didn't receive enough training data.
2025-02-18 19:42:39,023 [DEBUG]  Adding following selector key to message property: default
2025-02-18 19:42:39,023 [DEBUG]  Node 'domain_provider' running 'DomainProvider.provide_inference'.
2025-02-18 19:42:39,023 [DEBUG]  Node 'run_RegexMessageHandler' running 'RegexMessageHandler.process'.
2025-02-18 19:42:39,025 [DEBUG]  [[32m[1mdebug    [0m] [1mprocessor.message.parse       [0m [36mparse_data_entities[0m=[35m[][0m [36mparse_data_intent[0m=[35m{'name': 'ask_architecture', 'confidence': 0.3090341091156006}[0m [36mparse_data_text[0m=[35mда ты задолбал[0m
2025-02-18 19:42:39,025 [DEBUG]  Logged UserUtterance - tracker now has 53 events.
2025-02-18 19:42:39,025 [DEBUG]  Validating extracted slots: topic
2025-02-18 19:42:39,026 [DEBUG]  [[32m[1mdebug    [0m] [1mprocessor.extract.slots       [0m [36maction_extract_slot[0m=[35maction_extract_slots[0m [36mlen_extraction_events[0m=[35m1[0m [36mrasa_events[0m=[35m[SlotSet(key: topic, value: да ты задолбал)][0m
2025-02-18 19:42:39,026 [DEBUG]  Running graph with inputs: {'__tracker__': <rasa.shared.core.trackers.DialogueStateTracker object at 0x00000270BF191570>}, targets: ['select_prediction'] and ExecutionContext(model_id='25b51c4994f84047a6a2441cf4caf554', should_add_diagnostic_data=False, is_finetuning=False, node_name=None).
2025-02-18 19:42:39,026 [DEBUG]  Node 'rule_only_data_provider' running 'RuleOnlyDataProvider.provide'.
2025-02-18 19:42:39,028 [DEBUG]  Node 'domain_provider' running 'DomainProvider.provide_inference'.
2025-02-18 19:42:39,028 [DEBUG]  Node 'run_MemoizationPolicy0' running 'MemoizationPolicy.predict_action_probabilities'.
2025-02-18 19:42:39,030 [DEBUG]  [[32m[1mdebug    [0m] [1mmemoization.predict.actions   [0m [36mtracker_states[0m=[35m[{'user': {'intent': 'request_info'}, 'prev_action': {'action_name': 'utter_ask_more'}}, {'user': {'intent': 'ask_architecture'}, 'prev_action': {'action_name': 'action_listen'}}][0m
2025-02-18 19:42:39,030 [DEBUG]  There is no memorised next action
2025-02-18 19:42:39,030 [DEBUG]  Node 'run_RulePolicy1' running 'RulePolicy.predict_action_probabilities'.
2025-02-18 19:42:39,031 [DEBUG]  [[32m[1mdebug    [0m] [1mrule_policy.actions.find      [0m [36mcurrent_states[0m=[35m
[state 1] user intent: request_info | previous action name: action_listen
[state 2] user intent: request_info | previous action name: utter_ask_more
[state 3] user intent: request_info | previous action name: action_listen
[state 4] user intent: request_info | previous action name: utter_ask_more
[state 5] user intent: request_info | previous action name: action_listen
[state 6] user intent: request_info | previous action name: utter_ask_more
[state 7] user intent: request_info | previous action name: action_listen
[state 8] user intent: request_info | previous action name: utter_ask_more
[state 9] user intent: ask_architecture | previous action name: action_listen
[state 10] user intent: ask_architecture | previous action name: utter_architecture_response
[state 11] user intent: ask_architecture | previous action name: action_listen
[state 12] user intent: ask_architecture | previous action name: utter_architecture_response
[state 13] user intent: request_info | previous action name: action_listen
[state 14] user intent: request_info | previous action name: utter_ask_more
[state 15] user text: да ты задолбал | previous action name: action_listen[0m
2025-02-18 19:42:39,031 [DEBUG]  There is no applicable rule.
2025-02-18 19:42:39,033 [DEBUG]  [[32m[1mdebug    [0m] [1mrule_policy.actions.find      [0m [36mcurrent_states[0m=[35m
[state 1] user intent: request_info | previous action name: action_listen
[state 2] user intent: request_info | previous action name: utter_ask_more
[state 3] user intent: request_info | previous action name: action_listen
[state 4] user intent: request_info | previous action name: utter_ask_more
[state 5] user intent: request_info | previous action name: action_listen
[state 6] user intent: request_info | previous action name: utter_ask_more
[state 7] user intent: request_info | previous action name: action_listen
[state 8] user intent: request_info | previous action name: utter_ask_more
[state 9] user intent: ask_architecture | previous action name: action_listen
[state 10] user intent: ask_architecture | previous action name: utter_architecture_response
[state 11] user intent: ask_architecture | previous action name: action_listen
[state 12] user intent: ask_architecture | previous action name: utter_architecture_response
[state 13] user intent: request_info | previous action name: action_listen
[state 14] user intent: request_info | previous action name: utter_ask_more
[state 15] user intent: ask_architecture | previous action name: action_listen[0m
2025-02-18 19:42:39,033 [DEBUG]  There is a rule for the next action 'utter_architecture_response'.
2025-02-18 19:42:39,033 [DEBUG]  Node 'run_TEDPolicy2' running 'TEDPolicy.predict_action_probabilities'.
2025-02-18 19:42:39,039 [DEBUG]  TED predicted 'utter_goodbye' based on user intent.
2025-02-18 19:42:39,039 [DEBUG]  Node 'select_prediction' running 'DefaultPolicyPredictionEnsemble.combine_predictions_from_kwargs'.
2025-02-18 19:42:39,040 [DEBUG]  Made prediction using user intent.
2025-02-18 19:42:39,040 [DEBUG]  Added `DefinePrevUserUtteredFeaturization(False)` event.
2025-02-18 19:42:39,040 [DEBUG]  Predicted next action using RulePolicy.
2025-02-18 19:42:39,040 [DEBUG]  Predicted next action 'utter_architecture_response' with confidence 1.00.
2025-02-18 19:42:39,042 [DEBUG]  [[32m[1mdebug    [0m] [1mprocessor.actions.policy_prediction[0m [36mprediction_events[0m=[35m[<rasa.shared.core.events.DefinePrevUserUtteredFeaturization object at 0x00000270BCB976A0>][0m
2025-02-18 19:42:39,042 [DEBUG]  [[32m[1mdebug    [0m] [1mprocessor.actions.log         [0m [36maction_name[0m=[35mutter_architecture_response[0m [36mrasa_events[0m=[35m[BotUttered('Архитектура ПО включает выбор структур, которые обеспечивают масштабируемость, гибкость и поддерживаемость приложения. Задайте конкретный вопрос по этой теме, и я помогу вам с информацией.', {"elements": null, "quick_replies": null, "buttons": null, "attachment": null, "image": null, "custom": null}, {"utter_action": "utter_architecture_response"}, 1739896959.0423915)][0m
2025-02-18 19:42:39,042 [DEBUG]  Running graph with inputs: {'__tracker__': <rasa.shared.core.trackers.DialogueStateTracker object at 0x00000270BF191570>}, targets: ['select_prediction'] and ExecutionContext(model_id='25b51c4994f84047a6a2441cf4caf554', should_add_diagnostic_data=False, is_finetuning=False, node_name=None).
2025-02-18 19:42:39,043 [DEBUG]  Node 'rule_only_data_provider' running 'RuleOnlyDataProvider.provide'.
2025-02-18 19:42:39,043 [DEBUG]  Node 'domain_provider' running 'DomainProvider.provide_inference'.
2025-02-18 19:42:39,045 [DEBUG]  Node 'run_MemoizationPolicy0' running 'MemoizationPolicy.predict_action_probabilities'.
2025-02-18 19:42:39,045 [DEBUG]  [[32m[1mdebug    [0m] [1mmemoization.predict.actions   [0m [36mtracker_states[0m=[35m[{'user': {'intent': 'ask_architecture'}, 'prev_action': {'action_name': 'action_listen'}}, {'user': {'intent': 'ask_architecture'}, 'prev_action': {'action_name': 'utter_architecture_response'}}][0m
2025-02-18 19:42:39,047 [DEBUG]  There is a memorised next action 'action_listen'
2025-02-18 19:42:39,047 [DEBUG]  Node 'run_RulePolicy1' running 'RulePolicy.predict_action_probabilities'.
2025-02-18 19:42:39,048 [DEBUG]  [[32m[1mdebug    [0m] [1mrule_policy.actions.find      [0m [36mcurrent_states[0m=[35m
[state 1] user intent: request_info | previous action name: action_listen
[state 2] user intent: request_info | previous action name: utter_ask_more
[state 3] user intent: request_info | previous action name: action_listen
[state 4] user intent: request_info | previous action name: utter_ask_more
[state 5] user intent: request_info | previous action name: action_listen
[state 6] user intent: request_info | previous action name: utter_ask_more
[state 7] user intent: request_info | previous action name: action_listen
[state 8] user intent: request_info | previous action name: utter_ask_more
[state 9] user intent: ask_architecture | previous action name: action_listen
[state 10] user intent: ask_architecture | previous action name: utter_architecture_response
[state 11] user intent: ask_architecture | previous action name: action_listen
[state 12] user intent: ask_architecture | previous action name: utter_architecture_response
[state 13] user intent: request_info | previous action name: action_listen
[state 14] user intent: request_info | previous action name: utter_ask_more
[state 15] user intent: ask_architecture | previous action name: action_listen
[state 16] user intent: ask_architecture | previous action name: utter_architecture_response[0m
2025-02-18 19:42:39,048 [DEBUG]  There is a rule for the next action 'action_listen'.
2025-02-18 19:42:39,048 [DEBUG]  Node 'run_TEDPolicy2' running 'TEDPolicy.predict_action_probabilities'.
2025-02-18 19:42:39,054 [DEBUG]  TED predicted 'action_revert_fallback_events' based on user intent.
2025-02-18 19:42:39,054 [DEBUG]  Node 'select_prediction' running 'DefaultPolicyPredictionEnsemble.combine_predictions_from_kwargs'.
2025-02-18 19:42:39,056 [DEBUG]  Predicted next action using RulePolicy.
2025-02-18 19:42:39,056 [DEBUG]  Predicted next action 'action_listen' with confidence 1.00.
2025-02-18 19:42:39,057 [DEBUG]  [[32m[1mdebug    [0m] [1mprocessor.actions.policy_prediction[0m [36mprediction_events[0m=[35m[][0m
2025-02-18 19:42:39,057 [DEBUG]  [[32m[1mdebug    [0m] [1mprocessor.actions.log         [0m [36maction_name[0m=[35maction_listen[0m [36mrasa_events[0m=[35m[][0m
2025-02-18 19:42:39,058 [DEBUG]  No event broker configured. Skipping streaming events.
2025-02-18 19:42:39,060 [DEBUG]  Deleted lock for conversation 'PractikumStudent'.
2025-02-18 20:44:47,461 [DEBUG]  Available web server routes: 
/conversations/<conversation_id:path>/messages     POST                           add_message
/conversations/<conversation_id:path>/tracker/events POST                           append_events
/webhooks/rasa                                     GET                            custom_webhook_RasaChatInput.health
/webhooks/rasa/webhook                             POST                           custom_webhook_RasaChatInput.receive
/webhooks/rest                                     GET                            custom_webhook_RestInput.health
/webhooks/rest/webhook                             POST                           custom_webhook_RestInput.receive
/model/test/intents                                POST                           evaluate_intents
/model/test/stories                                POST                           evaluate_stories
/conversations/<conversation_id:path>/execute      POST                           execute_action
/domain                                            GET                            get_domain
/                                                  GET                            hello
/model                                             PUT                            load_model
/model/parse                                       POST                           parse
/conversations/<conversation_id:path>/predict      POST                           predict
/conversations/<conversation_id:path>/tracker/events PUT                            replace_events
/conversations/<conversation_id:path>/story        GET                            retrieve_story
/conversations/<conversation_id:path>/tracker      GET                            retrieve_tracker
/status                                            GET                            status
/model/predict                                     POST                           tracker_predict
/model/train                                       POST                           train
/conversations/<conversation_id:path>/trigger_intent POST                           trigger_intent
/model                                             DELETE                         unload_model
/version                                           GET                            version
2025-02-18 20:44:47,463 [INFO ]  Starting Rasa server on http://0.0.0.0:5005
2025-02-18 20:44:47,463 [DEBUG]  Using the default number of Sanic workers (1).
2025-02-18 20:44:47,830 [DEBUG]  Skipping telemetry reporting: no license hash found.
2025-02-18 20:44:47,883 [DEBUG]  Connected to InMemoryTrackerStore.
2025-02-18 20:44:47,883 [DEBUG]  Connected to lock store 'InMemoryLockStore'.
2025-02-18 20:44:47,884 [DEBUG]  Instantiated NLG to 'TemplatedNaturalLanguageGenerator'.
2025-02-18 20:44:47,886 [INFO ]  Loading model models\20250218-204415-oriented-HUD.tar.gz...
2025-02-18 20:44:48,075 [DEBUG]  Extracted model to 'C:\Users\Lenovo\AppData\Local\Temp\tmpk5fzh7kj'.
2025-02-18 20:44:48,108 [DEBUG]  Node 'nlu_message_converter' loading 'NLUMessageConverter.load' and kwargs: '{}'.
2025-02-18 20:44:48,108 [DEBUG]  Node 'run_WhitespaceTokenizer0' loading 'WhitespaceTokenizer.load' and kwargs: '{}'.
2025-02-18 20:44:48,112 [DEBUG]  Node 'run_RegexFeaturizer1' loading 'RegexFeaturizer.load' and kwargs: '{}'.
2025-02-18 20:44:48,112 [DEBUG]  Resource 'train_RegexFeaturizer1' was requested for reading.
2025-02-18 20:44:48,113 [DEBUG]  Node 'run_LexicalSyntacticFeaturizer2' loading 'LexicalSyntacticFeaturizer.load' and kwargs: '{}'.
2025-02-18 20:44:48,113 [DEBUG]  Resource 'train_LexicalSyntacticFeaturizer2' was requested for reading.
2025-02-18 20:44:48,115 [DEBUG]  Node 'run_CountVectorsFeaturizer3' loading 'CountVectorsFeaturizer.load' and kwargs: '{}'.
2025-02-18 20:44:48,115 [DEBUG]  Resource 'train_CountVectorsFeaturizer3' was requested for reading.
2025-02-18 20:44:48,117 [DEBUG]  Node 'run_LanguageModelFeaturizer4' loading 'LanguageModelFeaturizer.load' and kwargs: '{}'.
2025-02-18 20:44:49,423 [DEBUG]  Loading Tokenizer and Model for bert
2025-02-18 20:44:49,427 [DEBUG]  Starting new HTTPS connection (1): huggingface.co:443
2025-02-18 20:44:49,810 [DEBUG]  https://huggingface.co:443 "HEAD /bert-base-cased/resolve/main/tokenizer_config.json HTTP/1.1" 200 0
2025-02-18 20:44:50,080 [DEBUG]  https://huggingface.co:443 "HEAD /bert-base-cased/resolve/main/config.json HTTP/1.1" 200 0
2025-02-18 20:44:52,357 [DEBUG]  Node 'run_DIETClassifier5' loading 'DIETClassifier.load' and kwargs: '{}'.
2025-02-18 20:44:52,358 [DEBUG]  Resource 'train_DIETClassifier5' was requested for reading.
2025-02-18 20:44:52,394 [DEBUG]  Loading the model from C:\Users\Lenovo\AppData\Local\Temp\tmpgwwxogp0\train_DIETClassifier5\DIETClassifier.tf_model with finetune_mode=False...
2025-02-18 20:44:52,420 [DEBUG]  You specified 'DIET' to train entities, but no entities are present in the training data. Skipping training of entities.
2025-02-18 20:44:52,453 [DEBUG]  Following metrics will be logged during training: 
2025-02-18 20:44:52,454 [DEBUG]    t_loss (total loss)
2025-02-18 20:44:52,454 [DEBUG]    i_acc (intent acc)
2025-02-18 20:44:52,454 [DEBUG]    i_loss (intent loss)
2025-02-18 20:45:02,454 [DEBUG]  Finished loading the model.
2025-02-18 20:45:02,455 [DEBUG]  Node 'run_EntitySynonymMapper6' loading 'EntitySynonymMapper.load' and kwargs: '{}'.
2025-02-18 20:45:02,456 [DEBUG]  Resource 'train_EntitySynonymMapper6' was requested for reading.
2025-02-18 20:45:02,456 [DEBUG]  Failed to load ABCMeta from model storage. Resource 'train_EntitySynonymMapper6' doesn't exist.
2025-02-18 20:45:02,457 [DEBUG]  Node 'run_ResponseSelector7' loading 'ResponseSelector.load' and kwargs: '{}'.
2025-02-18 20:45:02,458 [DEBUG]  Resource 'train_ResponseSelector7' was requested for reading.
2025-02-18 20:45:02,458 [DEBUG]  Failed to load ABCMeta from model storage. Resource 'train_ResponseSelector7' doesn't exist.
2025-02-18 20:45:02,459 [DEBUG]  Resource 'train_ResponseSelector7' was requested for reading.
2025-02-18 20:45:02,459 [DEBUG]  Failed to load ResponseSelector from model storage. Resource 'train_ResponseSelector7' doesn't exist.
2025-02-18 20:45:02,459 [DEBUG]  Node 'run_RegexMessageHandler' loading 'RegexMessageHandler.load' and kwargs: '{}'.
2025-02-18 20:45:02,459 [DEBUG]  Node 'domain_provider' loading 'DomainProvider.load' and kwargs: '{}'.
2025-02-18 20:45:02,460 [DEBUG]  Resource 'domain_provider' was requested for reading.
2025-02-18 20:45:02,502 [DEBUG]  Node 'run_MemoizationPolicy0' loading 'MemoizationPolicy.load' and kwargs: '{}'.
2025-02-18 20:45:02,502 [DEBUG]  Resource 'train_MemoizationPolicy0' was requested for reading.
2025-02-18 20:45:02,505 [DEBUG]  Node 'run_RulePolicy1' loading 'RulePolicy.load' and kwargs: '{}'.
2025-02-18 20:45:02,507 [DEBUG]  Resource 'train_RulePolicy1' was requested for reading.
2025-02-18 20:45:02,510 [DEBUG]  Node 'run_TEDPolicy2' loading 'TEDPolicy.load' and kwargs: '{}'.
2025-02-18 20:45:02,510 [DEBUG]  Resource 'train_TEDPolicy2' was requested for reading.
2025-02-18 20:45:02,532 [DEBUG]  Loading the model from C:\Users\Lenovo\AppData\Local\Temp\tmpgwwxogp0\train_TEDPolicy2\ted_policy.tf_model with finetune_mode=False...
2025-02-18 20:45:16,649 [DEBUG]  Finished loading the model.
2025-02-18 20:45:16,650 [DEBUG]  Node 'rule_only_data_provider' loading 'RuleOnlyDataProvider.load' and kwargs: '{}'.
2025-02-18 20:45:16,650 [DEBUG]  Resource 'train_RulePolicy1' was requested for reading.
2025-02-18 20:45:16,653 [DEBUG]  Node 'select_prediction' loading 'DefaultPolicyPredictionEnsemble.load' and kwargs: '{}'.
2025-02-18 20:45:16,673 [INFO ]  Rasa server is up and running.
2025-02-18 20:45:16,674 [INFO ]  Enabling coroutine debugging. Loop id 2424088900800.
2025-02-18 20:47:46,952 [DEBUG]  Issuing ticket for conversation 'PractikumStudent'.
2025-02-18 20:47:46,953 [DEBUG]  Acquiring lock for conversation 'PractikumStudent'.
2025-02-18 20:47:46,953 [DEBUG]  Acquired lock for conversation 'PractikumStudent'.
2025-02-18 20:47:46,953 [DEBUG]  Could not find tracker for conversation ID 'PractikumStudent'.
2025-02-18 20:47:46,954 [DEBUG]  No event broker configured. Skipping streaming events.
2025-02-18 20:47:46,954 [DEBUG]  Starting a new session for conversation ID 'PractikumStudent'.
2025-02-18 20:47:46,962 [DEBUG]  [[32m[1mdebug    [0m] [1mprocessor.actions.policy_prediction[0m [36mprediction_events[0m=[35m[][0m
2025-02-18 20:47:46,962 [DEBUG]  [[32m[1mdebug    [0m] [1mprocessor.actions.log         [0m [36maction_name[0m=[35maction_session_start[0m [36mrasa_events[0m=[35m[<rasa.shared.core.events.SessionStarted object at 0x000002348D078220>, ActionExecuted(action: action_listen, policy: None, confidence: None)][0m
2025-02-18 20:47:46,963 [DEBUG]  [[32m[1mdebug    [0m] [1mprocessor.slots.log           [0m [36mslot_values[0m=[35m	topic: None
	pattern: None
	session_started_metadata: None[0m
2025-02-18 20:47:46,963 [DEBUG]  Running graph with inputs: {'__message__': [<rasa.core.channels.channel.UserMessage object at 0x000002348D079630>], '__tracker__': <rasa.shared.core.trackers.DialogueStateTracker object at 0x000002348D079A80>}, targets: ['run_RegexMessageHandler'] and ExecutionContext(model_id='3b4003732e304af583479176338a8749', should_add_diagnostic_data=False, is_finetuning=False, node_name=None).
2025-02-18 20:47:46,964 [DEBUG]  Node 'nlu_message_converter' running 'NLUMessageConverter.convert_user_message'.
2025-02-18 20:47:46,964 [DEBUG]  Node 'run_WhitespaceTokenizer0' running 'WhitespaceTokenizer.process'.
2025-02-18 20:47:46,967 [DEBUG]  Node 'run_RegexFeaturizer1' running 'RegexFeaturizer.process'.
2025-02-18 20:47:46,967 [DEBUG]  Node 'run_LexicalSyntacticFeaturizer2' running 'LexicalSyntacticFeaturizer.process'.
2025-02-18 20:47:46,968 [DEBUG]  Node 'run_CountVectorsFeaturizer3' running 'CountVectorsFeaturizer.process'.
2025-02-18 20:47:46,970 [DEBUG]  Node 'run_LanguageModelFeaturizer4' running 'LanguageModelFeaturizer.process'.
2025-02-18 20:47:47,349 [DEBUG]  Node 'run_DIETClassifier5' running 'DIETClassifier.process'.
2025-02-18 20:47:47,618 [DEBUG]  Node 'run_EntitySynonymMapper6' running 'EntitySynonymMapper.process'.
2025-02-18 20:47:47,619 [DEBUG]  Node 'run_ResponseSelector7' running 'ResponseSelector.process'.
2025-02-18 20:47:47,620 [DEBUG]  There is no trained model for 'ResponseSelector': The component is either not trained or didn't receive enough training data.
2025-02-18 20:47:47,620 [DEBUG]  Adding following selector key to message property: default
2025-02-18 20:47:47,620 [DEBUG]  Node 'domain_provider' running 'DomainProvider.provide_inference'.
2025-02-18 20:47:47,621 [DEBUG]  Node 'run_RegexMessageHandler' running 'RegexMessageHandler.process'.
2025-02-18 20:47:47,621 [DEBUG]  [[32m[1mdebug    [0m] [1mprocessor.message.parse       [0m [36mparse_data_entities[0m=[35m[][0m [36mparse_data_intent[0m=[35m{'name': 'goodbye', 'confidence': 0.25359830260276794}[0m [36mparse_data_text[0m=[35mПривет[0m
2025-02-18 20:47:47,622 [DEBUG]  Logged UserUtterance - tracker now has 4 events.
2025-02-18 20:47:47,625 [DEBUG]  Validating extracted slots: topic
2025-02-18 20:47:47,626 [DEBUG]  [[32m[1mdebug    [0m] [1mprocessor.extract.slots       [0m [36maction_extract_slot[0m=[35maction_extract_slots[0m [36mlen_extraction_events[0m=[35m1[0m [36mrasa_events[0m=[35m[SlotSet(key: topic, value: Привет)][0m
2025-02-18 20:47:47,627 [DEBUG]  Running graph with inputs: {'__tracker__': <rasa.shared.core.trackers.DialogueStateTracker object at 0x000002348D079A80>}, targets: ['select_prediction'] and ExecutionContext(model_id='3b4003732e304af583479176338a8749', should_add_diagnostic_data=False, is_finetuning=False, node_name=None).
2025-02-18 20:47:47,627 [DEBUG]  Node 'rule_only_data_provider' running 'RuleOnlyDataProvider.provide'.
2025-02-18 20:47:47,628 [DEBUG]  Node 'domain_provider' running 'DomainProvider.provide_inference'.
2025-02-18 20:47:47,631 [DEBUG]  Node 'run_MemoizationPolicy0' running 'MemoizationPolicy.predict_action_probabilities'.
2025-02-18 20:47:47,632 [DEBUG]  [[32m[1mdebug    [0m] [1mmemoization.predict.actions   [0m [36mtracker_states[0m=[35m[{}, {'user': {'intent': 'goodbye'}, 'prev_action': {'action_name': 'action_listen'}}][0m
2025-02-18 20:47:47,633 [DEBUG]  There is a memorised next action 'utter_goodbye'
2025-02-18 20:47:47,637 [DEBUG]  Node 'run_RulePolicy1' running 'RulePolicy.predict_action_probabilities'.
2025-02-18 20:47:47,638 [DEBUG]  [[32m[1mdebug    [0m] [1mrule_policy.actions.find      [0m [36mcurrent_states[0m=[35m
[state 1] user text: Привет | previous action name: action_listen[0m
2025-02-18 20:47:47,639 [DEBUG]  There is no applicable rule.
2025-02-18 20:47:47,639 [DEBUG]  [[32m[1mdebug    [0m] [1mrule_policy.actions.find      [0m [36mcurrent_states[0m=[35m
[state 1] user intent: goodbye | previous action name: action_listen[0m
2025-02-18 20:47:47,640 [DEBUG]  There is a rule for the next action 'utter_goodbye'.
2025-02-18 20:47:47,640 [DEBUG]  Node 'run_TEDPolicy2' running 'TEDPolicy.predict_action_probabilities'.
2025-02-18 20:47:47,647 [DEBUG]  TED predicted 'action_default_ask_rephrase' based on user intent.
2025-02-18 20:47:47,648 [DEBUG]  Node 'select_prediction' running 'DefaultPolicyPredictionEnsemble.combine_predictions_from_kwargs'.
2025-02-18 20:47:47,648 [DEBUG]  Made prediction using user intent.
2025-02-18 20:47:47,649 [DEBUG]  Added `DefinePrevUserUtteredFeaturization(False)` event.
2025-02-18 20:47:47,650 [DEBUG]  Predicted next action using RulePolicy.
2025-02-18 20:47:47,651 [DEBUG]  Predicted next action 'utter_goodbye' with confidence 1.00.
2025-02-18 20:47:47,652 [DEBUG]  [[32m[1mdebug    [0m] [1mprocessor.actions.policy_prediction[0m [36mprediction_events[0m=[35m[<rasa.shared.core.events.DefinePrevUserUtteredFeaturization object at 0x000002348CFE4250>][0m
2025-02-18 20:47:47,653 [DEBUG]  [[32m[1mdebug    [0m] [1mprocessor.actions.log         [0m [36maction_name[0m=[35mutter_goodbye[0m [36mrasa_events[0m=[35m[BotUttered('До свидания! Если появятся вопросы по архитектуре ПО, обращайтесь.', {"elements": null, "quick_replies": null, "buttons": null, "attachment": null, "image": null, "custom": null}, {"utter_action": "utter_goodbye"}, 1739900867.6521046)][0m
2025-02-18 20:47:47,654 [DEBUG]  Running graph with inputs: {'__tracker__': <rasa.shared.core.trackers.DialogueStateTracker object at 0x000002348D079A80>}, targets: ['select_prediction'] and ExecutionContext(model_id='3b4003732e304af583479176338a8749', should_add_diagnostic_data=False, is_finetuning=False, node_name=None).
2025-02-18 20:47:47,654 [DEBUG]  Node 'rule_only_data_provider' running 'RuleOnlyDataProvider.provide'.
2025-02-18 20:47:47,655 [DEBUG]  Node 'domain_provider' running 'DomainProvider.provide_inference'.
2025-02-18 20:47:47,655 [DEBUG]  Node 'run_MemoizationPolicy0' running 'MemoizationPolicy.predict_action_probabilities'.
2025-02-18 20:47:47,656 [DEBUG]  [[32m[1mdebug    [0m] [1mmemoization.predict.actions   [0m [36mtracker_states[0m=[35m[{'user': {'intent': 'goodbye'}, 'prev_action': {'action_name': 'action_listen'}}, {'user': {'intent': 'goodbye'}, 'prev_action': {'action_name': 'utter_goodbye'}}][0m
2025-02-18 20:47:47,657 [DEBUG]  There is a memorised next action 'action_listen'
2025-02-18 20:47:47,657 [DEBUG]  Node 'run_RulePolicy1' running 'RulePolicy.predict_action_probabilities'.
2025-02-18 20:47:47,658 [DEBUG]  [[32m[1mdebug    [0m] [1mrule_policy.actions.find      [0m [36mcurrent_states[0m=[35m
[state 1] user intent: goodbye | previous action name: action_listen
[state 2] user intent: goodbye | previous action name: utter_goodbye[0m
2025-02-18 20:47:47,658 [DEBUG]  There is a rule for the next action 'action_listen'.
2025-02-18 20:47:47,659 [DEBUG]  Node 'run_TEDPolicy2' running 'TEDPolicy.predict_action_probabilities'.
2025-02-18 20:47:47,666 [DEBUG]  TED predicted 'action_back' based on user intent.
2025-02-18 20:47:47,667 [DEBUG]  Node 'select_prediction' running 'DefaultPolicyPredictionEnsemble.combine_predictions_from_kwargs'.
2025-02-18 20:47:47,667 [DEBUG]  Predicted next action using RulePolicy.
2025-02-18 20:47:47,668 [DEBUG]  Predicted next action 'action_listen' with confidence 1.00.
2025-02-18 20:47:47,669 [DEBUG]  [[32m[1mdebug    [0m] [1mprocessor.actions.policy_prediction[0m [36mprediction_events[0m=[35m[][0m
2025-02-18 20:47:47,669 [DEBUG]  [[32m[1mdebug    [0m] [1mprocessor.actions.log         [0m [36maction_name[0m=[35maction_listen[0m [36mrasa_events[0m=[35m[][0m
2025-02-18 20:47:47,670 [DEBUG]  No event broker configured. Skipping streaming events.
2025-02-18 20:47:47,670 [DEBUG]  Deleted lock for conversation 'PractikumStudent'.
2025-02-18 20:48:11,563 [DEBUG]  Issuing ticket for conversation 'PractikumStudent'.
2025-02-18 20:48:11,563 [DEBUG]  Acquiring lock for conversation 'PractikumStudent'.
2025-02-18 20:48:11,564 [DEBUG]  Acquired lock for conversation 'PractikumStudent'.
2025-02-18 20:48:11,564 [DEBUG]  Recreating tracker for id 'PractikumStudent'
2025-02-18 20:48:11,567 [DEBUG]  Running graph with inputs: {'__message__': [<rasa.core.channels.channel.UserMessage object at 0x000002348D079EA0>], '__tracker__': <rasa.shared.core.trackers.DialogueStateTracker object at 0x000002348D079A80>}, targets: ['run_RegexMessageHandler'] and ExecutionContext(model_id='3b4003732e304af583479176338a8749', should_add_diagnostic_data=False, is_finetuning=False, node_name=None).
2025-02-18 20:48:11,568 [DEBUG]  Node 'nlu_message_converter' running 'NLUMessageConverter.convert_user_message'.
2025-02-18 20:48:11,569 [DEBUG]  Node 'run_WhitespaceTokenizer0' running 'WhitespaceTokenizer.process'.
2025-02-18 20:48:11,570 [DEBUG]  Node 'run_RegexFeaturizer1' running 'RegexFeaturizer.process'.
2025-02-18 20:48:11,570 [DEBUG]  Node 'run_LexicalSyntacticFeaturizer2' running 'LexicalSyntacticFeaturizer.process'.
2025-02-18 20:48:11,571 [DEBUG]  Node 'run_CountVectorsFeaturizer3' running 'CountVectorsFeaturizer.process'.
2025-02-18 20:48:11,572 [DEBUG]  Node 'run_LanguageModelFeaturizer4' running 'LanguageModelFeaturizer.process'.
2025-02-18 20:48:12,062 [DEBUG]  Node 'run_DIETClassifier5' running 'DIETClassifier.process'.
2025-02-18 20:48:12,070 [DEBUG]  Node 'run_EntitySynonymMapper6' running 'EntitySynonymMapper.process'.
2025-02-18 20:48:12,071 [DEBUG]  Node 'run_ResponseSelector7' running 'ResponseSelector.process'.
2025-02-18 20:48:12,071 [DEBUG]  There is no trained model for 'ResponseSelector': The component is either not trained or didn't receive enough training data.
2025-02-18 20:48:12,072 [DEBUG]  Adding following selector key to message property: default
2025-02-18 20:48:12,072 [DEBUG]  Node 'domain_provider' running 'DomainProvider.provide_inference'.
2025-02-18 20:48:12,073 [DEBUG]  Node 'run_RegexMessageHandler' running 'RegexMessageHandler.process'.
2025-02-18 20:48:12,073 [DEBUG]  [[32m[1mdebug    [0m] [1mprocessor.message.parse       [0m [36mparse_data_entities[0m=[35m[][0m [36mparse_data_intent[0m=[35m{'name': 'affirm', 'confidence': 0.22626034915447235}[0m [36mparse_data_text[0m=[35mРасскажи мне про микросервисную архитектуру[0m
2025-02-18 20:48:12,074 [DEBUG]  Logged UserUtterance - tracker now has 10 events.
2025-02-18 20:48:12,075 [DEBUG]  Validating extracted slots: topic
2025-02-18 20:48:12,075 [DEBUG]  [[32m[1mdebug    [0m] [1mprocessor.extract.slots       [0m [36maction_extract_slot[0m=[35maction_extract_slots[0m [36mlen_extraction_events[0m=[35m1[0m [36mrasa_events[0m=[35m[SlotSet(key: topic, value: Расскажи мне про микросервисную архитектуру)][0m
2025-02-18 20:48:12,076 [DEBUG]  Running graph with inputs: {'__tracker__': <rasa.shared.core.trackers.DialogueStateTracker object at 0x000002348D079A80>}, targets: ['select_prediction'] and ExecutionContext(model_id='3b4003732e304af583479176338a8749', should_add_diagnostic_data=False, is_finetuning=False, node_name=None).
2025-02-18 20:48:12,076 [DEBUG]  Node 'rule_only_data_provider' running 'RuleOnlyDataProvider.provide'.
2025-02-18 20:48:12,077 [DEBUG]  Node 'domain_provider' running 'DomainProvider.provide_inference'.
2025-02-18 20:48:12,077 [DEBUG]  Node 'run_MemoizationPolicy0' running 'MemoizationPolicy.predict_action_probabilities'.
2025-02-18 20:48:12,078 [DEBUG]  [[32m[1mdebug    [0m] [1mmemoization.predict.actions   [0m [36mtracker_states[0m=[35m[{'user': {'intent': 'goodbye'}, 'prev_action': {'action_name': 'utter_goodbye'}}, {'user': {'intent': 'affirm'}, 'prev_action': {'action_name': 'action_listen'}}][0m
2025-02-18 20:48:12,078 [DEBUG]  There is no memorised next action
2025-02-18 20:48:12,079 [DEBUG]  Node 'run_RulePolicy1' running 'RulePolicy.predict_action_probabilities'.
2025-02-18 20:48:12,079 [DEBUG]  [[32m[1mdebug    [0m] [1mrule_policy.actions.find      [0m [36mcurrent_states[0m=[35m
[state 1] user intent: goodbye | previous action name: action_listen
[state 2] user intent: goodbye | previous action name: utter_goodbye
[state 3] user text: Расскажи мне про микросервисную архитектуру | previous action name: action_listen[0m
2025-02-18 20:48:12,080 [DEBUG]  There is no applicable rule.
2025-02-18 20:48:12,080 [DEBUG]  [[32m[1mdebug    [0m] [1mrule_policy.actions.find      [0m [36mcurrent_states[0m=[35m
[state 1] user intent: goodbye | previous action name: action_listen
[state 2] user intent: goodbye | previous action name: utter_goodbye
[state 3] user intent: affirm | previous action name: action_listen[0m
2025-02-18 20:48:12,081 [DEBUG]  There is no applicable rule.
2025-02-18 20:48:12,081 [DEBUG]  Node 'run_TEDPolicy2' running 'TEDPolicy.predict_action_probabilities'.
2025-02-18 20:48:12,087 [DEBUG]  TED predicted 'action_default_ask_rephrase' based on user intent.
2025-02-18 20:48:12,088 [DEBUG]  Node 'select_prediction' running 'DefaultPolicyPredictionEnsemble.combine_predictions_from_kwargs'.
2025-02-18 20:48:12,088 [DEBUG]  Made prediction using user intent.
2025-02-18 20:48:12,089 [DEBUG]  Added `DefinePrevUserUtteredFeaturization(False)` event.
2025-02-18 20:48:12,089 [DEBUG]  Predicted next action using RulePolicy.
2025-02-18 20:48:12,089 [DEBUG]  Predicted next action 'action_default_fallback' with confidence 0.30.
2025-02-18 20:48:12,090 [DEBUG]  [[32m[1mdebug    [0m] [1mprocessor.actions.policy_prediction[0m [36mprediction_events[0m=[35m[<rasa.shared.core.events.DefinePrevUserUtteredFeaturization object at 0x000002348BD8C0D0>][0m
2025-02-18 20:48:12,091 [DEBUG]  [[32m[1mdebug    [0m] [1mprocessor.actions.log         [0m [36maction_name[0m=[35maction_default_fallback[0m [36mrasa_events[0m=[35m[<rasa.shared.core.events.UserUtteranceReverted object at 0x0000023473122110>][0m
2025-02-18 20:48:12,091 [DEBUG]  [[32m[1mdebug    [0m] [1mprocessor.slots.log           [0m [36mslot_values[0m=[35m	topic: Привет
	pattern: None
	session_started_metadata: None[0m
2025-02-18 20:48:12,092 [DEBUG]  Running graph with inputs: {'__tracker__': <rasa.shared.core.trackers.DialogueStateTracker object at 0x000002348D079A80>}, targets: ['select_prediction'] and ExecutionContext(model_id='3b4003732e304af583479176338a8749', should_add_diagnostic_data=False, is_finetuning=False, node_name=None).
2025-02-18 20:48:12,092 [DEBUG]  Node 'rule_only_data_provider' running 'RuleOnlyDataProvider.provide'.
2025-02-18 20:48:12,093 [DEBUG]  Node 'domain_provider' running 'DomainProvider.provide_inference'.
2025-02-18 20:48:12,093 [DEBUG]  Node 'run_MemoizationPolicy0' running 'MemoizationPolicy.predict_action_probabilities'.
2025-02-18 20:48:12,094 [DEBUG]  [[32m[1mdebug    [0m] [1mmemoization.predict.actions   [0m [36mtracker_states[0m=[35m[{'user': {'intent': 'goodbye'}, 'prev_action': {'action_name': 'action_listen'}}, {'user': {'intent': 'goodbye'}, 'prev_action': {'action_name': 'utter_goodbye'}}][0m
2025-02-18 20:48:12,094 [DEBUG]  There is a memorised next action 'action_listen'
2025-02-18 20:48:12,094 [DEBUG]  Node 'run_RulePolicy1' running 'RulePolicy.predict_action_probabilities'.
2025-02-18 20:48:12,095 [DEBUG]  [[32m[1mdebug    [0m] [1mrule_policy.actions.find      [0m [36mcurrent_states[0m=[35m
[state 1] user intent: goodbye | previous action name: action_listen
[state 2] user intent: goodbye | previous action name: utter_goodbye[0m
2025-02-18 20:48:12,095 [DEBUG]  There is a rule for the next action 'action_listen'.
2025-02-18 20:48:12,096 [DEBUG]  Node 'run_TEDPolicy2' running 'TEDPolicy.predict_action_probabilities'.
2025-02-18 20:48:12,102 [DEBUG]  TED predicted 'action_back' based on user intent.
2025-02-18 20:48:12,103 [DEBUG]  Node 'select_prediction' running 'DefaultPolicyPredictionEnsemble.combine_predictions_from_kwargs'.
2025-02-18 20:48:12,103 [DEBUG]  Predicted next action using RulePolicy.
2025-02-18 20:48:12,103 [DEBUG]  Predicted next action 'action_listen' with confidence 1.00.
2025-02-18 20:48:12,104 [DEBUG]  [[32m[1mdebug    [0m] [1mprocessor.actions.policy_prediction[0m [36mprediction_events[0m=[35m[][0m
2025-02-18 20:48:12,105 [DEBUG]  [[32m[1mdebug    [0m] [1mprocessor.actions.log         [0m [36maction_name[0m=[35maction_listen[0m [36mrasa_events[0m=[35m[][0m
2025-02-18 20:48:12,105 [DEBUG]  No event broker configured. Skipping streaming events.
2025-02-18 20:48:12,106 [DEBUG]  Deleted lock for conversation 'PractikumStudent'.
2025-02-18 20:48:23,311 [DEBUG]  Issuing ticket for conversation 'PractikumStudent'.
2025-02-18 20:48:23,312 [DEBUG]  Acquiring lock for conversation 'PractikumStudent'.
2025-02-18 20:48:23,312 [DEBUG]  Acquired lock for conversation 'PractikumStudent'.
2025-02-18 20:48:23,312 [DEBUG]  Recreating tracker for id 'PractikumStudent'
2025-02-18 20:48:23,314 [DEBUG]  Running graph with inputs: {'__message__': [<rasa.core.channels.channel.UserMessage object at 0x000002348BD8C5B0>], '__tracker__': <rasa.shared.core.trackers.DialogueStateTracker object at 0x000002348D07B310>}, targets: ['run_RegexMessageHandler'] and ExecutionContext(model_id='3b4003732e304af583479176338a8749', should_add_diagnostic_data=False, is_finetuning=False, node_name=None).
2025-02-18 20:48:23,316 [DEBUG]  Node 'nlu_message_converter' running 'NLUMessageConverter.convert_user_message'.
2025-02-18 20:48:23,316 [DEBUG]  Node 'run_WhitespaceTokenizer0' running 'WhitespaceTokenizer.process'.
2025-02-18 20:48:23,317 [DEBUG]  Node 'run_RegexFeaturizer1' running 'RegexFeaturizer.process'.
2025-02-18 20:48:23,317 [DEBUG]  Node 'run_LexicalSyntacticFeaturizer2' running 'LexicalSyntacticFeaturizer.process'.
2025-02-18 20:48:23,318 [DEBUG]  Node 'run_CountVectorsFeaturizer3' running 'CountVectorsFeaturizer.process'.
2025-02-18 20:48:23,319 [DEBUG]  Node 'run_LanguageModelFeaturizer4' running 'LanguageModelFeaturizer.process'.
2025-02-18 20:48:23,623 [DEBUG]  Node 'run_DIETClassifier5' running 'DIETClassifier.process'.
2025-02-18 20:48:23,631 [DEBUG]  Node 'run_EntitySynonymMapper6' running 'EntitySynonymMapper.process'.
2025-02-18 20:48:23,632 [DEBUG]  Node 'run_ResponseSelector7' running 'ResponseSelector.process'.
2025-02-18 20:48:23,632 [DEBUG]  There is no trained model for 'ResponseSelector': The component is either not trained or didn't receive enough training data.
2025-02-18 20:48:23,632 [DEBUG]  Adding following selector key to message property: default
2025-02-18 20:48:23,633 [DEBUG]  Node 'domain_provider' running 'DomainProvider.provide_inference'.
2025-02-18 20:48:23,633 [DEBUG]  Node 'run_RegexMessageHandler' running 'RegexMessageHandler.process'.
2025-02-18 20:48:23,634 [DEBUG]  [[32m[1mdebug    [0m] [1mprocessor.message.parse       [0m [36mparse_data_entities[0m=[35m[][0m [36mparse_data_intent[0m=[35m{'name': 'request_info', 'confidence': 0.36033472418785095}[0m [36mparse_data_text[0m=[35mЭй[0m
2025-02-18 20:48:23,634 [DEBUG]  Logged UserUtterance - tracker now has 16 events.
2025-02-18 20:48:23,635 [DEBUG]  Validating extracted slots: topic
2025-02-18 20:48:23,635 [DEBUG]  [[32m[1mdebug    [0m] [1mprocessor.extract.slots       [0m [36maction_extract_slot[0m=[35maction_extract_slots[0m [36mlen_extraction_events[0m=[35m1[0m [36mrasa_events[0m=[35m[SlotSet(key: topic, value: Эй)][0m
2025-02-18 20:48:23,636 [DEBUG]  Running graph with inputs: {'__tracker__': <rasa.shared.core.trackers.DialogueStateTracker object at 0x000002348D07B310>}, targets: ['select_prediction'] and ExecutionContext(model_id='3b4003732e304af583479176338a8749', should_add_diagnostic_data=False, is_finetuning=False, node_name=None).
2025-02-18 20:48:23,637 [DEBUG]  Node 'rule_only_data_provider' running 'RuleOnlyDataProvider.provide'.
2025-02-18 20:48:23,637 [DEBUG]  Node 'domain_provider' running 'DomainProvider.provide_inference'.
2025-02-18 20:48:23,637 [DEBUG]  Node 'run_MemoizationPolicy0' running 'MemoizationPolicy.predict_action_probabilities'.
2025-02-18 20:48:23,638 [DEBUG]  [[32m[1mdebug    [0m] [1mmemoization.predict.actions   [0m [36mtracker_states[0m=[35m[{'user': {'intent': 'goodbye'}, 'prev_action': {'action_name': 'utter_goodbye'}}, {'user': {'intent': 'request_info'}, 'prev_action': {'action_name': 'action_listen'}}][0m
2025-02-18 20:48:23,638 [DEBUG]  There is no memorised next action
2025-02-18 20:48:23,639 [DEBUG]  Node 'run_RulePolicy1' running 'RulePolicy.predict_action_probabilities'.
2025-02-18 20:48:23,639 [DEBUG]  [[32m[1mdebug    [0m] [1mrule_policy.actions.find      [0m [36mcurrent_states[0m=[35m
[state 1] user intent: goodbye | previous action name: action_listen
[state 2] user intent: goodbye | previous action name: utter_goodbye
[state 3] user text: Эй | previous action name: action_listen[0m
2025-02-18 20:48:23,640 [DEBUG]  There is no applicable rule.
2025-02-18 20:48:23,641 [DEBUG]  [[32m[1mdebug    [0m] [1mrule_policy.actions.find      [0m [36mcurrent_states[0m=[35m
[state 1] user intent: goodbye | previous action name: action_listen
[state 2] user intent: goodbye | previous action name: utter_goodbye
[state 3] user intent: request_info | previous action name: action_listen[0m
2025-02-18 20:48:23,641 [DEBUG]  There is a rule for the next action 'utter_ask_more'.
2025-02-18 20:48:23,641 [DEBUG]  Node 'run_TEDPolicy2' running 'TEDPolicy.predict_action_probabilities'.
2025-02-18 20:48:23,647 [DEBUG]  TED predicted 'utter_architecture_response' based on user intent.
2025-02-18 20:48:23,648 [DEBUG]  Node 'select_prediction' running 'DefaultPolicyPredictionEnsemble.combine_predictions_from_kwargs'.
2025-02-18 20:48:23,648 [DEBUG]  Made prediction using user intent.
2025-02-18 20:48:23,648 [DEBUG]  Added `DefinePrevUserUtteredFeaturization(False)` event.
2025-02-18 20:48:23,649 [DEBUG]  Predicted next action using RulePolicy.
2025-02-18 20:48:23,649 [DEBUG]  Predicted next action 'utter_ask_more' with confidence 1.00.
2025-02-18 20:48:23,650 [DEBUG]  [[32m[1mdebug    [0m] [1mprocessor.actions.policy_prediction[0m [36mprediction_events[0m=[35m[<rasa.shared.core.events.DefinePrevUserUtteredFeaturization object at 0x000002348CFE6440>][0m
2025-02-18 20:48:23,651 [DEBUG]  [[32m[1mdebug    [0m] [1mprocessor.actions.log         [0m [36maction_name[0m=[35mutter_ask_more[0m [36mrasa_events[0m=[35m[BotUttered('Что именно вас интересует в архитектуре программного обеспечения?', {"elements": null, "quick_replies": null, "buttons": null, "attachment": null, "image": null, "custom": null}, {"utter_action": "utter_ask_more"}, 1739900903.6500468)][0m
2025-02-18 20:48:23,652 [DEBUG]  Running graph with inputs: {'__tracker__': <rasa.shared.core.trackers.DialogueStateTracker object at 0x000002348D07B310>}, targets: ['select_prediction'] and ExecutionContext(model_id='3b4003732e304af583479176338a8749', should_add_diagnostic_data=False, is_finetuning=False, node_name=None).
2025-02-18 20:48:23,652 [DEBUG]  Node 'rule_only_data_provider' running 'RuleOnlyDataProvider.provide'.
2025-02-18 20:48:23,653 [DEBUG]  Node 'domain_provider' running 'DomainProvider.provide_inference'.
2025-02-18 20:48:23,653 [DEBUG]  Node 'run_MemoizationPolicy0' running 'MemoizationPolicy.predict_action_probabilities'.
2025-02-18 20:48:23,654 [DEBUG]  [[32m[1mdebug    [0m] [1mmemoization.predict.actions   [0m [36mtracker_states[0m=[35m[{'user': {'intent': 'request_info'}, 'prev_action': {'action_name': 'action_listen'}}, {'user': {'intent': 'request_info'}, 'prev_action': {'action_name': 'utter_ask_more'}}][0m
2025-02-18 20:48:23,655 [DEBUG]  There is a memorised next action 'action_listen'
2025-02-18 20:48:23,655 [DEBUG]  Node 'run_RulePolicy1' running 'RulePolicy.predict_action_probabilities'.
2025-02-18 20:48:23,656 [DEBUG]  [[32m[1mdebug    [0m] [1mrule_policy.actions.find      [0m [36mcurrent_states[0m=[35m
[state 1] user intent: goodbye | previous action name: action_listen
[state 2] user intent: goodbye | previous action name: utter_goodbye
[state 3] user intent: request_info | previous action name: action_listen
[state 4] user intent: request_info | previous action name: utter_ask_more[0m
2025-02-18 20:48:23,656 [DEBUG]  There is a rule for the next action 'action_listen'.
2025-02-18 20:48:23,657 [DEBUG]  Node 'run_TEDPolicy2' running 'TEDPolicy.predict_action_probabilities'.
2025-02-18 20:48:23,663 [DEBUG]  TED predicted 'action_default_ask_rephrase' based on user intent.
2025-02-18 20:48:23,664 [DEBUG]  Node 'select_prediction' running 'DefaultPolicyPredictionEnsemble.combine_predictions_from_kwargs'.
2025-02-18 20:48:23,664 [DEBUG]  Predicted next action using RulePolicy.
2025-02-18 20:48:23,664 [DEBUG]  Predicted next action 'action_listen' with confidence 1.00.
2025-02-18 20:48:23,665 [DEBUG]  [[32m[1mdebug    [0m] [1mprocessor.actions.policy_prediction[0m [36mprediction_events[0m=[35m[][0m
2025-02-18 20:48:23,666 [DEBUG]  [[32m[1mdebug    [0m] [1mprocessor.actions.log         [0m [36maction_name[0m=[35maction_listen[0m [36mrasa_events[0m=[35m[][0m
2025-02-18 20:48:23,666 [DEBUG]  No event broker configured. Skipping streaming events.
2025-02-18 20:48:23,667 [DEBUG]  Deleted lock for conversation 'PractikumStudent'.
2025-02-18 20:48:36,342 [DEBUG]  Issuing ticket for conversation 'PractikumStudent'.
2025-02-18 20:48:36,343 [DEBUG]  Acquiring lock for conversation 'PractikumStudent'.
2025-02-18 20:48:36,343 [DEBUG]  Acquired lock for conversation 'PractikumStudent'.
2025-02-18 20:48:36,346 [DEBUG]  Recreating tracker for id 'PractikumStudent'
2025-02-18 20:48:36,350 [DEBUG]  Running graph with inputs: {'__message__': [<rasa.core.channels.channel.UserMessage object at 0x000002348BD8C5B0>], '__tracker__': <rasa.shared.core.trackers.DialogueStateTracker object at 0x000002348BD8C700>}, targets: ['run_RegexMessageHandler'] and ExecutionContext(model_id='3b4003732e304af583479176338a8749', should_add_diagnostic_data=False, is_finetuning=False, node_name=None).
2025-02-18 20:48:36,352 [DEBUG]  Node 'nlu_message_converter' running 'NLUMessageConverter.convert_user_message'.
2025-02-18 20:48:36,353 [DEBUG]  Node 'run_WhitespaceTokenizer0' running 'WhitespaceTokenizer.process'.
2025-02-18 20:48:36,353 [DEBUG]  Node 'run_RegexFeaturizer1' running 'RegexFeaturizer.process'.
2025-02-18 20:48:36,354 [DEBUG]  Node 'run_LexicalSyntacticFeaturizer2' running 'LexicalSyntacticFeaturizer.process'.
2025-02-18 20:48:36,354 [DEBUG]  Node 'run_CountVectorsFeaturizer3' running 'CountVectorsFeaturizer.process'.
2025-02-18 20:48:36,355 [DEBUG]  Node 'run_LanguageModelFeaturizer4' running 'LanguageModelFeaturizer.process'.
2025-02-18 20:48:36,736 [DEBUG]  Node 'run_DIETClassifier5' running 'DIETClassifier.process'.
2025-02-18 20:48:36,745 [DEBUG]  Node 'run_EntitySynonymMapper6' running 'EntitySynonymMapper.process'.
2025-02-18 20:48:36,745 [DEBUG]  Node 'run_ResponseSelector7' running 'ResponseSelector.process'.
2025-02-18 20:48:36,745 [DEBUG]  There is no trained model for 'ResponseSelector': The component is either not trained or didn't receive enough training data.
2025-02-18 20:48:36,746 [DEBUG]  Adding following selector key to message property: default
2025-02-18 20:48:36,746 [DEBUG]  Node 'domain_provider' running 'DomainProvider.provide_inference'.
2025-02-18 20:48:36,746 [DEBUG]  Node 'run_RegexMessageHandler' running 'RegexMessageHandler.process'.
2025-02-18 20:48:36,747 [DEBUG]  [[32m[1mdebug    [0m] [1mprocessor.message.parse       [0m [36mparse_data_entities[0m=[35m[][0m [36mparse_data_intent[0m=[35m{'name': 'ask_microservice_pattern', 'confidence': 0.24911373853683472}[0m [36mparse_data_text[0m=[35mПаттерн BFF[0m
2025-02-18 20:48:36,748 [DEBUG]  Logged UserUtterance - tracker now has 22 events.
2025-02-18 20:48:36,748 [DEBUG]  Validating extracted slots: topic
2025-02-18 20:48:36,749 [DEBUG]  [[32m[1mdebug    [0m] [1mprocessor.extract.slots       [0m [36maction_extract_slot[0m=[35maction_extract_slots[0m [36mlen_extraction_events[0m=[35m1[0m [36mrasa_events[0m=[35m[SlotSet(key: topic, value: Паттерн BFF)][0m
2025-02-18 20:48:36,749 [DEBUG]  Running graph with inputs: {'__tracker__': <rasa.shared.core.trackers.DialogueStateTracker object at 0x000002348BD8C700>}, targets: ['select_prediction'] and ExecutionContext(model_id='3b4003732e304af583479176338a8749', should_add_diagnostic_data=False, is_finetuning=False, node_name=None).
2025-02-18 20:48:36,749 [DEBUG]  Node 'rule_only_data_provider' running 'RuleOnlyDataProvider.provide'.
2025-02-18 20:48:36,750 [DEBUG]  Node 'domain_provider' running 'DomainProvider.provide_inference'.
2025-02-18 20:48:36,750 [DEBUG]  Node 'run_MemoizationPolicy0' running 'MemoizationPolicy.predict_action_probabilities'.
2025-02-18 20:48:36,750 [DEBUG]  [[32m[1mdebug    [0m] [1mmemoization.predict.actions   [0m [36mtracker_states[0m=[35m[{'user': {'intent': 'request_info'}, 'prev_action': {'action_name': 'utter_ask_more'}}, {'user': {'intent': 'ask_microservice_pattern'}, 'prev_action': {'action_name': 'action_listen'}}][0m
2025-02-18 20:48:36,751 [DEBUG]  There is no memorised next action
2025-02-18 20:48:36,751 [DEBUG]  Node 'run_RulePolicy1' running 'RulePolicy.predict_action_probabilities'.
2025-02-18 20:48:36,751 [DEBUG]  [[32m[1mdebug    [0m] [1mrule_policy.actions.find      [0m [36mcurrent_states[0m=[35m
[state 1] user intent: goodbye | previous action name: action_listen
[state 2] user intent: goodbye | previous action name: utter_goodbye
[state 3] user intent: request_info | previous action name: action_listen
[state 4] user intent: request_info | previous action name: utter_ask_more
[state 5] user text: Паттерн BFF | previous action name: action_listen[0m
2025-02-18 20:48:36,752 [DEBUG]  There is no applicable rule.
2025-02-18 20:48:36,752 [DEBUG]  [[32m[1mdebug    [0m] [1mrule_policy.actions.find      [0m [36mcurrent_states[0m=[35m
[state 1] user intent: goodbye | previous action name: action_listen
[state 2] user intent: goodbye | previous action name: utter_goodbye
[state 3] user intent: request_info | previous action name: action_listen
[state 4] user intent: request_info | previous action name: utter_ask_more
[state 5] user intent: ask_microservice_pattern | previous action name: action_listen[0m
2025-02-18 20:48:36,753 [DEBUG]  There is a rule for the next action 'utter_microservice_patterns'.
2025-02-18 20:48:36,753 [DEBUG]  Node 'run_TEDPolicy2' running 'TEDPolicy.predict_action_probabilities'.
2025-02-18 20:48:36,758 [DEBUG]  TED predicted 'action_default_ask_rephrase' based on user intent.
2025-02-18 20:48:36,758 [DEBUG]  Node 'select_prediction' running 'DefaultPolicyPredictionEnsemble.combine_predictions_from_kwargs'.
2025-02-18 20:48:36,759 [DEBUG]  Made prediction using user intent.
2025-02-18 20:48:36,759 [DEBUG]  Added `DefinePrevUserUtteredFeaturization(False)` event.
2025-02-18 20:48:36,759 [DEBUG]  Predicted next action using RulePolicy.
2025-02-18 20:48:36,760 [DEBUG]  Predicted next action 'utter_microservice_patterns' with confidence 1.00.
2025-02-18 20:48:36,762 [DEBUG]  [[32m[1mdebug    [0m] [1mprocessor.actions.policy_prediction[0m [36mprediction_events[0m=[35m[<rasa.shared.core.events.DefinePrevUserUtteredFeaturization object at 0x000002348CFE4EB0>][0m
2025-02-18 20:48:36,762 [DEBUG]  [[32m[1mdebug    [0m] [1mprocessor.actions.log         [0m [36maction_name[0m=[35mutter_microservice_patterns[0m [36mrasa_events[0m=[35m[BotUttered('Существует множество паттернов микросервисной архитектуры: API Gateway, Circuit Breaker, Saga, CQRS, Event Sourcing, BFF и другие. Хотите узнать подробнее про какой-то конкретный?', {"elements": null, "quick_replies": null, "buttons": null, "attachment": null, "image": null, "custom": null}, {"utter_action": "utter_microservice_patterns"}, 1739900916.7614894)][0m
2025-02-18 20:48:36,763 [DEBUG]  Running graph with inputs: {'__tracker__': <rasa.shared.core.trackers.DialogueStateTracker object at 0x000002348BD8C700>}, targets: ['select_prediction'] and ExecutionContext(model_id='3b4003732e304af583479176338a8749', should_add_diagnostic_data=False, is_finetuning=False, node_name=None).
2025-02-18 20:48:36,764 [DEBUG]  Node 'rule_only_data_provider' running 'RuleOnlyDataProvider.provide'.
2025-02-18 20:48:36,764 [DEBUG]  Node 'domain_provider' running 'DomainProvider.provide_inference'.
2025-02-18 20:48:36,764 [DEBUG]  Node 'run_MemoizationPolicy0' running 'MemoizationPolicy.predict_action_probabilities'.
2025-02-18 20:48:36,765 [DEBUG]  [[32m[1mdebug    [0m] [1mmemoization.predict.actions   [0m [36mtracker_states[0m=[35m[{'user': {'intent': 'ask_microservice_pattern'}, 'prev_action': {'action_name': 'action_listen'}}, {'user': {'intent': 'ask_microservice_pattern'}, 'prev_action': {'action_name': 'utter_microservice_patterns'}}][0m
2025-02-18 20:48:36,766 [DEBUG]  There is a memorised next action 'action_listen'
2025-02-18 20:48:36,766 [DEBUG]  Node 'run_RulePolicy1' running 'RulePolicy.predict_action_probabilities'.
2025-02-18 20:48:36,767 [DEBUG]  [[32m[1mdebug    [0m] [1mrule_policy.actions.find      [0m [36mcurrent_states[0m=[35m
[state 1] user intent: goodbye | previous action name: action_listen
[state 2] user intent: goodbye | previous action name: utter_goodbye
[state 3] user intent: request_info | previous action name: action_listen
[state 4] user intent: request_info | previous action name: utter_ask_more
[state 5] user intent: ask_microservice_pattern | previous action name: action_listen
[state 6] user intent: ask_microservice_pattern | previous action name: utter_microservice_patterns[0m
2025-02-18 20:48:36,767 [DEBUG]  There is a rule for the next action 'action_listen'.
2025-02-18 20:48:36,767 [DEBUG]  Node 'run_TEDPolicy2' running 'TEDPolicy.predict_action_probabilities'.
2025-02-18 20:48:36,772 [DEBUG]  TED predicted 'utter_architecture_response' based on user intent.
2025-02-18 20:48:36,773 [DEBUG]  Node 'select_prediction' running 'DefaultPolicyPredictionEnsemble.combine_predictions_from_kwargs'.
2025-02-18 20:48:36,773 [DEBUG]  Predicted next action using RulePolicy.
2025-02-18 20:48:36,774 [DEBUG]  Predicted next action 'action_listen' with confidence 1.00.
2025-02-18 20:48:36,774 [DEBUG]  [[32m[1mdebug    [0m] [1mprocessor.actions.policy_prediction[0m [36mprediction_events[0m=[35m[][0m
2025-02-18 20:48:36,774 [DEBUG]  [[32m[1mdebug    [0m] [1mprocessor.actions.log         [0m [36maction_name[0m=[35maction_listen[0m [36mrasa_events[0m=[35m[][0m
2025-02-18 20:48:36,775 [DEBUG]  No event broker configured. Skipping streaming events.
2025-02-18 20:48:36,776 [DEBUG]  Deleted lock for conversation 'PractikumStudent'.
2025-02-18 20:48:45,668 [DEBUG]  Issuing ticket for conversation 'PractikumStudent'.
2025-02-18 20:48:45,669 [DEBUG]  Acquiring lock for conversation 'PractikumStudent'.
2025-02-18 20:48:45,669 [DEBUG]  Acquired lock for conversation 'PractikumStudent'.
2025-02-18 20:48:45,670 [DEBUG]  Recreating tracker for id 'PractikumStudent'
2025-02-18 20:48:45,676 [DEBUG]  Running graph with inputs: {'__message__': [<rasa.core.channels.channel.UserMessage object at 0x000002348BD8C5B0>], '__tracker__': <rasa.shared.core.trackers.DialogueStateTracker object at 0x000002348BD8C670>}, targets: ['run_RegexMessageHandler'] and ExecutionContext(model_id='3b4003732e304af583479176338a8749', should_add_diagnostic_data=False, is_finetuning=False, node_name=None).
2025-02-18 20:48:45,677 [DEBUG]  Node 'nlu_message_converter' running 'NLUMessageConverter.convert_user_message'.
2025-02-18 20:48:45,678 [DEBUG]  Node 'run_WhitespaceTokenizer0' running 'WhitespaceTokenizer.process'.
2025-02-18 20:48:45,678 [DEBUG]  Node 'run_RegexFeaturizer1' running 'RegexFeaturizer.process'.
2025-02-18 20:48:45,679 [DEBUG]  Node 'run_LexicalSyntacticFeaturizer2' running 'LexicalSyntacticFeaturizer.process'.
2025-02-18 20:48:45,680 [DEBUG]  Node 'run_CountVectorsFeaturizer3' running 'CountVectorsFeaturizer.process'.
2025-02-18 20:48:45,681 [DEBUG]  Node 'run_LanguageModelFeaturizer4' running 'LanguageModelFeaturizer.process'.
2025-02-18 20:48:45,990 [DEBUG]  Node 'run_DIETClassifier5' running 'DIETClassifier.process'.
2025-02-18 20:48:45,997 [DEBUG]  Node 'run_EntitySynonymMapper6' running 'EntitySynonymMapper.process'.
2025-02-18 20:48:45,997 [DEBUG]  Node 'run_ResponseSelector7' running 'ResponseSelector.process'.
2025-02-18 20:48:45,998 [DEBUG]  There is no trained model for 'ResponseSelector': The component is either not trained or didn't receive enough training data.
2025-02-18 20:48:45,998 [DEBUG]  Adding following selector key to message property: default
2025-02-18 20:48:45,998 [DEBUG]  Node 'domain_provider' running 'DomainProvider.provide_inference'.
2025-02-18 20:48:45,998 [DEBUG]  Node 'run_RegexMessageHandler' running 'RegexMessageHandler.process'.
2025-02-18 20:48:45,999 [DEBUG]  [[32m[1mdebug    [0m] [1mprocessor.message.parse       [0m [36mparse_data_entities[0m=[35m[][0m [36mparse_data_intent[0m=[35m{'name': 'goodbye', 'confidence': 0.2592073678970337}[0m [36mparse_data_text[0m=[35mAPI Gateway[0m
2025-02-18 20:48:45,999 [DEBUG]  Logged UserUtterance - tracker now has 28 events.
2025-02-18 20:48:46,000 [DEBUG]  Validating extracted slots: topic
2025-02-18 20:48:46,000 [DEBUG]  [[32m[1mdebug    [0m] [1mprocessor.extract.slots       [0m [36maction_extract_slot[0m=[35maction_extract_slots[0m [36mlen_extraction_events[0m=[35m1[0m [36mrasa_events[0m=[35m[SlotSet(key: topic, value: API Gateway)][0m
2025-02-18 20:48:46,001 [DEBUG]  Running graph with inputs: {'__tracker__': <rasa.shared.core.trackers.DialogueStateTracker object at 0x000002348BD8C670>}, targets: ['select_prediction'] and ExecutionContext(model_id='3b4003732e304af583479176338a8749', should_add_diagnostic_data=False, is_finetuning=False, node_name=None).
2025-02-18 20:48:46,001 [DEBUG]  Node 'rule_only_data_provider' running 'RuleOnlyDataProvider.provide'.
2025-02-18 20:48:46,001 [DEBUG]  Node 'domain_provider' running 'DomainProvider.provide_inference'.
2025-02-18 20:48:46,002 [DEBUG]  Node 'run_MemoizationPolicy0' running 'MemoizationPolicy.predict_action_probabilities'.
2025-02-18 20:48:46,003 [DEBUG]  [[32m[1mdebug    [0m] [1mmemoization.predict.actions   [0m [36mtracker_states[0m=[35m[{'user': {'intent': 'ask_microservice_pattern'}, 'prev_action': {'action_name': 'utter_microservice_patterns'}}, {'user': {'intent': 'goodbye'}, 'prev_action': {'action_name': 'action_listen'}}][0m
2025-02-18 20:48:46,003 [DEBUG]  There is no memorised next action
2025-02-18 20:48:46,003 [DEBUG]  Node 'run_RulePolicy1' running 'RulePolicy.predict_action_probabilities'.
2025-02-18 20:48:46,004 [DEBUG]  [[32m[1mdebug    [0m] [1mrule_policy.actions.find      [0m [36mcurrent_states[0m=[35m
[state 1] user intent: goodbye | previous action name: action_listen
[state 2] user intent: goodbye | previous action name: utter_goodbye
[state 3] user intent: request_info | previous action name: action_listen
[state 4] user intent: request_info | previous action name: utter_ask_more
[state 5] user intent: ask_microservice_pattern | previous action name: action_listen
[state 6] user intent: ask_microservice_pattern | previous action name: utter_microservice_patterns
[state 7] user text: API Gateway | previous action name: action_listen[0m
2025-02-18 20:48:46,004 [DEBUG]  There is no applicable rule.
2025-02-18 20:48:46,005 [DEBUG]  [[32m[1mdebug    [0m] [1mrule_policy.actions.find      [0m [36mcurrent_states[0m=[35m
[state 1] user intent: goodbye | previous action name: action_listen
[state 2] user intent: goodbye | previous action name: utter_goodbye
[state 3] user intent: request_info | previous action name: action_listen
[state 4] user intent: request_info | previous action name: utter_ask_more
[state 5] user intent: ask_microservice_pattern | previous action name: action_listen
[state 6] user intent: ask_microservice_pattern | previous action name: utter_microservice_patterns
[state 7] user intent: goodbye | previous action name: action_listen[0m
2025-02-18 20:48:46,005 [DEBUG]  There is a rule for the next action 'utter_goodbye'.
2025-02-18 20:48:46,006 [DEBUG]  Node 'run_TEDPolicy2' running 'TEDPolicy.predict_action_probabilities'.
2025-02-18 20:48:46,012 [DEBUG]  TED predicted 'action_default_ask_rephrase' based on user intent.
2025-02-18 20:48:46,013 [DEBUG]  Node 'select_prediction' running 'DefaultPolicyPredictionEnsemble.combine_predictions_from_kwargs'.
2025-02-18 20:48:46,014 [DEBUG]  Made prediction using user intent.
2025-02-18 20:48:46,014 [DEBUG]  Added `DefinePrevUserUtteredFeaturization(False)` event.
2025-02-18 20:48:46,014 [DEBUG]  Predicted next action using RulePolicy.
2025-02-18 20:48:46,019 [DEBUG]  Predicted next action 'utter_goodbye' with confidence 1.00.
2025-02-18 20:48:46,020 [DEBUG]  [[32m[1mdebug    [0m] [1mprocessor.actions.policy_prediction[0m [36mprediction_events[0m=[35m[<rasa.shared.core.events.DefinePrevUserUtteredFeaturization object at 0x000002348CFE4C10>][0m
2025-02-18 20:48:46,021 [DEBUG]  [[32m[1mdebug    [0m] [1mprocessor.actions.log         [0m [36maction_name[0m=[35mutter_goodbye[0m [36mrasa_events[0m=[35m[BotUttered('До свидания! Если появятся вопросы по архитектуре ПО, обращайтесь.', {"elements": null, "quick_replies": null, "buttons": null, "attachment": null, "image": null, "custom": null}, {"utter_action": "utter_goodbye"}, 1739900926.0204222)][0m
2025-02-18 20:48:46,022 [DEBUG]  Running graph with inputs: {'__tracker__': <rasa.shared.core.trackers.DialogueStateTracker object at 0x000002348BD8C670>}, targets: ['select_prediction'] and ExecutionContext(model_id='3b4003732e304af583479176338a8749', should_add_diagnostic_data=False, is_finetuning=False, node_name=None).
2025-02-18 20:48:46,022 [DEBUG]  Node 'rule_only_data_provider' running 'RuleOnlyDataProvider.provide'.
2025-02-18 20:48:46,023 [DEBUG]  Node 'domain_provider' running 'DomainProvider.provide_inference'.
2025-02-18 20:48:46,023 [DEBUG]  Node 'run_MemoizationPolicy0' running 'MemoizationPolicy.predict_action_probabilities'.
2025-02-18 20:48:46,024 [DEBUG]  [[32m[1mdebug    [0m] [1mmemoization.predict.actions   [0m [36mtracker_states[0m=[35m[{'user': {'intent': 'goodbye'}, 'prev_action': {'action_name': 'action_listen'}}, {'user': {'intent': 'goodbye'}, 'prev_action': {'action_name': 'utter_goodbye'}}][0m
2025-02-18 20:48:46,024 [DEBUG]  There is a memorised next action 'action_listen'
2025-02-18 20:48:46,025 [DEBUG]  Node 'run_RulePolicy1' running 'RulePolicy.predict_action_probabilities'.
2025-02-18 20:48:46,025 [DEBUG]  [[32m[1mdebug    [0m] [1mrule_policy.actions.find      [0m [36mcurrent_states[0m=[35m
[state 1] user intent: goodbye | previous action name: action_listen
[state 2] user intent: goodbye | previous action name: utter_goodbye
[state 3] user intent: request_info | previous action name: action_listen
[state 4] user intent: request_info | previous action name: utter_ask_more
[state 5] user intent: ask_microservice_pattern | previous action name: action_listen
[state 6] user intent: ask_microservice_pattern | previous action name: utter_microservice_patterns
[state 7] user intent: goodbye | previous action name: action_listen
[state 8] user intent: goodbye | previous action name: utter_goodbye[0m
2025-02-18 20:48:46,026 [DEBUG]  There is a rule for the next action 'action_listen'.
2025-02-18 20:48:46,026 [DEBUG]  Node 'run_TEDPolicy2' running 'TEDPolicy.predict_action_probabilities'.
2025-02-18 20:48:46,033 [DEBUG]  TED predicted 'action_back' based on user intent.
2025-02-18 20:48:46,034 [DEBUG]  Node 'select_prediction' running 'DefaultPolicyPredictionEnsemble.combine_predictions_from_kwargs'.
2025-02-18 20:48:46,035 [DEBUG]  Predicted next action using RulePolicy.
2025-02-18 20:48:46,035 [DEBUG]  Predicted next action 'action_listen' with confidence 1.00.
2025-02-18 20:48:46,036 [DEBUG]  [[32m[1mdebug    [0m] [1mprocessor.actions.policy_prediction[0m [36mprediction_events[0m=[35m[][0m
2025-02-18 20:48:46,036 [DEBUG]  [[32m[1mdebug    [0m] [1mprocessor.actions.log         [0m [36maction_name[0m=[35maction_listen[0m [36mrasa_events[0m=[35m[][0m
2025-02-18 20:48:46,037 [DEBUG]  No event broker configured. Skipping streaming events.
2025-02-18 20:48:46,038 [DEBUG]  Deleted lock for conversation 'PractikumStudent'.
2025-02-18 20:50:19,470 [DEBUG]  Issuing ticket for conversation 'PractikumStudent'.
2025-02-18 20:50:19,470 [DEBUG]  Acquiring lock for conversation 'PractikumStudent'.
2025-02-18 20:50:19,471 [DEBUG]  Acquired lock for conversation 'PractikumStudent'.
2025-02-18 20:50:19,471 [DEBUG]  Recreating tracker for id 'PractikumStudent'
2025-02-18 20:50:19,476 [DEBUG]  Running graph with inputs: {'__message__': [<rasa.core.channels.channel.UserMessage object at 0x0000023466F9BB50>], '__tracker__': <rasa.shared.core.trackers.DialogueStateTracker object at 0x000002348BD8C5B0>}, targets: ['run_RegexMessageHandler'] and ExecutionContext(model_id='3b4003732e304af583479176338a8749', should_add_diagnostic_data=False, is_finetuning=False, node_name=None).
2025-02-18 20:50:19,477 [DEBUG]  Node 'nlu_message_converter' running 'NLUMessageConverter.convert_user_message'.
2025-02-18 20:50:19,477 [DEBUG]  Node 'run_WhitespaceTokenizer0' running 'WhitespaceTokenizer.process'.
2025-02-18 20:50:19,478 [DEBUG]  Node 'run_RegexFeaturizer1' running 'RegexFeaturizer.process'.
2025-02-18 20:50:19,478 [DEBUG]  Node 'run_LexicalSyntacticFeaturizer2' running 'LexicalSyntacticFeaturizer.process'.
2025-02-18 20:50:19,479 [DEBUG]  Node 'run_CountVectorsFeaturizer3' running 'CountVectorsFeaturizer.process'.
2025-02-18 20:50:19,480 [DEBUG]  Node 'run_LanguageModelFeaturizer4' running 'LanguageModelFeaturizer.process'.
2025-02-18 20:50:19,789 [DEBUG]  Node 'run_DIETClassifier5' running 'DIETClassifier.process'.
2025-02-18 20:50:19,798 [DEBUG]  Node 'run_EntitySynonymMapper6' running 'EntitySynonymMapper.process'.
2025-02-18 20:50:19,798 [DEBUG]  Node 'run_ResponseSelector7' running 'ResponseSelector.process'.
2025-02-18 20:50:19,799 [DEBUG]  There is no trained model for 'ResponseSelector': The component is either not trained or didn't receive enough training data.
2025-02-18 20:50:19,799 [DEBUG]  Adding following selector key to message property: default
2025-02-18 20:50:19,799 [DEBUG]  Node 'domain_provider' running 'DomainProvider.provide_inference'.
2025-02-18 20:50:19,800 [DEBUG]  Node 'run_RegexMessageHandler' running 'RegexMessageHandler.process'.
2025-02-18 20:50:19,800 [DEBUG]  [[32m[1mdebug    [0m] [1mprocessor.message.parse       [0m [36mparse_data_entities[0m=[35m[][0m [36mparse_data_intent[0m=[35m{'name': 'goodbye', 'confidence': 0.25359830260276794}[0m [36mparse_data_text[0m=[35mПривет[0m
2025-02-18 20:50:19,801 [DEBUG]  Logged UserUtterance - tracker now has 34 events.
2025-02-18 20:50:19,801 [DEBUG]  Validating extracted slots: topic
2025-02-18 20:50:19,802 [DEBUG]  [[32m[1mdebug    [0m] [1mprocessor.extract.slots       [0m [36maction_extract_slot[0m=[35maction_extract_slots[0m [36mlen_extraction_events[0m=[35m1[0m [36mrasa_events[0m=[35m[SlotSet(key: topic, value: Привет)][0m
2025-02-18 20:50:19,802 [DEBUG]  Running graph with inputs: {'__tracker__': <rasa.shared.core.trackers.DialogueStateTracker object at 0x000002348BD8C5B0>}, targets: ['select_prediction'] and ExecutionContext(model_id='3b4003732e304af583479176338a8749', should_add_diagnostic_data=False, is_finetuning=False, node_name=None).
2025-02-18 20:50:19,803 [DEBUG]  Node 'rule_only_data_provider' running 'RuleOnlyDataProvider.provide'.
2025-02-18 20:50:19,804 [DEBUG]  Node 'domain_provider' running 'DomainProvider.provide_inference'.
2025-02-18 20:50:19,804 [DEBUG]  Node 'run_MemoizationPolicy0' running 'MemoizationPolicy.predict_action_probabilities'.
2025-02-18 20:50:19,805 [DEBUG]  [[32m[1mdebug    [0m] [1mmemoization.predict.actions   [0m [36mtracker_states[0m=[35m[{'user': {'intent': 'goodbye'}, 'prev_action': {'action_name': 'utter_goodbye'}}, {'user': {'intent': 'goodbye'}, 'prev_action': {'action_name': 'action_listen'}}][0m
2025-02-18 20:50:19,806 [DEBUG]  There is no memorised next action
2025-02-18 20:50:19,806 [DEBUG]  Node 'run_RulePolicy1' running 'RulePolicy.predict_action_probabilities'.
2025-02-18 20:50:19,807 [DEBUG]  [[32m[1mdebug    [0m] [1mrule_policy.actions.find      [0m [36mcurrent_states[0m=[35m
[state 1] user intent: goodbye | previous action name: action_listen
[state 2] user intent: goodbye | previous action name: utter_goodbye
[state 3] user intent: request_info | previous action name: action_listen
[state 4] user intent: request_info | previous action name: utter_ask_more
[state 5] user intent: ask_microservice_pattern | previous action name: action_listen
[state 6] user intent: ask_microservice_pattern | previous action name: utter_microservice_patterns
[state 7] user intent: goodbye | previous action name: action_listen
[state 8] user intent: goodbye | previous action name: utter_goodbye
[state 9] user text: Привет | previous action name: action_listen[0m
2025-02-18 20:50:19,808 [DEBUG]  There is no applicable rule.
2025-02-18 20:50:19,808 [DEBUG]  [[32m[1mdebug    [0m] [1mrule_policy.actions.find      [0m [36mcurrent_states[0m=[35m
[state 1] user intent: goodbye | previous action name: action_listen
[state 2] user intent: goodbye | previous action name: utter_goodbye
[state 3] user intent: request_info | previous action name: action_listen
[state 4] user intent: request_info | previous action name: utter_ask_more
[state 5] user intent: ask_microservice_pattern | previous action name: action_listen
[state 6] user intent: ask_microservice_pattern | previous action name: utter_microservice_patterns
[state 7] user intent: goodbye | previous action name: action_listen
[state 8] user intent: goodbye | previous action name: utter_goodbye
[state 9] user intent: goodbye | previous action name: action_listen[0m
2025-02-18 20:50:19,809 [DEBUG]  There is a rule for the next action 'utter_goodbye'.
2025-02-18 20:50:19,809 [DEBUG]  Node 'run_TEDPolicy2' running 'TEDPolicy.predict_action_probabilities'.
2025-02-18 20:50:19,815 [DEBUG]  TED predicted 'action_default_ask_rephrase' based on user intent.
2025-02-18 20:50:19,816 [DEBUG]  Node 'select_prediction' running 'DefaultPolicyPredictionEnsemble.combine_predictions_from_kwargs'.
2025-02-18 20:50:19,816 [DEBUG]  Made prediction using user intent.
2025-02-18 20:50:19,817 [DEBUG]  Added `DefinePrevUserUtteredFeaturization(False)` event.
2025-02-18 20:50:19,817 [DEBUG]  Predicted next action using RulePolicy.
2025-02-18 20:50:19,818 [DEBUG]  Predicted next action 'utter_goodbye' with confidence 1.00.
2025-02-18 20:50:19,819 [DEBUG]  [[32m[1mdebug    [0m] [1mprocessor.actions.policy_prediction[0m [36mprediction_events[0m=[35m[<rasa.shared.core.events.DefinePrevUserUtteredFeaturization object at 0x000002348CFE7EB0>][0m
2025-02-18 20:50:19,819 [DEBUG]  [[32m[1mdebug    [0m] [1mprocessor.actions.log         [0m [36maction_name[0m=[35mutter_goodbye[0m [36mrasa_events[0m=[35m[BotUttered('До свидания! Если появятся вопросы по архитектуре ПО, обращайтесь.', {"elements": null, "quick_replies": null, "buttons": null, "attachment": null, "image": null, "custom": null}, {"utter_action": "utter_goodbye"}, 1739901019.818785)][0m
2025-02-18 20:50:19,820 [DEBUG]  Running graph with inputs: {'__tracker__': <rasa.shared.core.trackers.DialogueStateTracker object at 0x000002348BD8C5B0>}, targets: ['select_prediction'] and ExecutionContext(model_id='3b4003732e304af583479176338a8749', should_add_diagnostic_data=False, is_finetuning=False, node_name=None).
2025-02-18 20:50:19,821 [DEBUG]  Node 'rule_only_data_provider' running 'RuleOnlyDataProvider.provide'.
2025-02-18 20:50:19,821 [DEBUG]  Node 'domain_provider' running 'DomainProvider.provide_inference'.
2025-02-18 20:50:19,822 [DEBUG]  Node 'run_MemoizationPolicy0' running 'MemoizationPolicy.predict_action_probabilities'.
2025-02-18 20:50:19,823 [DEBUG]  [[32m[1mdebug    [0m] [1mmemoization.predict.actions   [0m [36mtracker_states[0m=[35m[{'user': {'intent': 'goodbye'}, 'prev_action': {'action_name': 'action_listen'}}, {'user': {'intent': 'goodbye'}, 'prev_action': {'action_name': 'utter_goodbye'}}][0m
2025-02-18 20:50:19,823 [DEBUG]  There is a memorised next action 'action_listen'
2025-02-18 20:50:19,824 [DEBUG]  Node 'run_RulePolicy1' running 'RulePolicy.predict_action_probabilities'.
2025-02-18 20:50:19,824 [DEBUG]  [[32m[1mdebug    [0m] [1mrule_policy.actions.find      [0m [36mcurrent_states[0m=[35m
[state 1] user intent: goodbye | previous action name: action_listen
[state 2] user intent: goodbye | previous action name: utter_goodbye
[state 3] user intent: request_info | previous action name: action_listen
[state 4] user intent: request_info | previous action name: utter_ask_more
[state 5] user intent: ask_microservice_pattern | previous action name: action_listen
[state 6] user intent: ask_microservice_pattern | previous action name: utter_microservice_patterns
[state 7] user intent: goodbye | previous action name: action_listen
[state 8] user intent: goodbye | previous action name: utter_goodbye
[state 9] user intent: goodbye | previous action name: action_listen
[state 10] user intent: goodbye | previous action name: utter_goodbye[0m
2025-02-18 20:50:19,825 [DEBUG]  There is a rule for the next action 'action_listen'.
2025-02-18 20:50:19,825 [DEBUG]  Node 'run_TEDPolicy2' running 'TEDPolicy.predict_action_probabilities'.
2025-02-18 20:50:19,832 [DEBUG]  TED predicted 'action_back' based on user intent.
2025-02-18 20:50:19,832 [DEBUG]  Node 'select_prediction' running 'DefaultPolicyPredictionEnsemble.combine_predictions_from_kwargs'.
2025-02-18 20:50:19,832 [DEBUG]  Predicted next action using RulePolicy.
2025-02-18 20:50:19,833 [DEBUG]  Predicted next action 'action_listen' with confidence 1.00.
2025-02-18 20:50:19,834 [DEBUG]  [[32m[1mdebug    [0m] [1mprocessor.actions.policy_prediction[0m [36mprediction_events[0m=[35m[][0m
2025-02-18 20:50:19,834 [DEBUG]  [[32m[1mdebug    [0m] [1mprocessor.actions.log         [0m [36maction_name[0m=[35maction_listen[0m [36mrasa_events[0m=[35m[][0m
2025-02-18 20:50:19,834 [DEBUG]  No event broker configured. Skipping streaming events.
2025-02-18 20:50:19,836 [DEBUG]  Deleted lock for conversation 'PractikumStudent'.
2025-02-18 20:50:34,404 [DEBUG]  Issuing ticket for conversation 'PractikumStudent'.
2025-02-18 20:50:34,405 [DEBUG]  Acquiring lock for conversation 'PractikumStudent'.
2025-02-18 20:50:34,405 [DEBUG]  Acquired lock for conversation 'PractikumStudent'.
2025-02-18 20:50:34,406 [DEBUG]  Recreating tracker for id 'PractikumStudent'
2025-02-18 20:50:34,410 [DEBUG]  Running graph with inputs: {'__message__': [<rasa.core.channels.channel.UserMessage object at 0x000002348F36B070>], '__tracker__': <rasa.shared.core.trackers.DialogueStateTracker object at 0x000002348D078070>}, targets: ['run_RegexMessageHandler'] and ExecutionContext(model_id='3b4003732e304af583479176338a8749', should_add_diagnostic_data=False, is_finetuning=False, node_name=None).
2025-02-18 20:50:34,411 [DEBUG]  Node 'nlu_message_converter' running 'NLUMessageConverter.convert_user_message'.
2025-02-18 20:50:34,412 [DEBUG]  Node 'run_WhitespaceTokenizer0' running 'WhitespaceTokenizer.process'.
2025-02-18 20:50:34,412 [DEBUG]  Node 'run_RegexFeaturizer1' running 'RegexFeaturizer.process'.
2025-02-18 20:50:34,413 [DEBUG]  Node 'run_LexicalSyntacticFeaturizer2' running 'LexicalSyntacticFeaturizer.process'.
2025-02-18 20:50:34,414 [DEBUG]  Node 'run_CountVectorsFeaturizer3' running 'CountVectorsFeaturizer.process'.
2025-02-18 20:50:34,415 [DEBUG]  Node 'run_LanguageModelFeaturizer4' running 'LanguageModelFeaturizer.process'.
2025-02-18 20:50:34,763 [DEBUG]  Node 'run_DIETClassifier5' running 'DIETClassifier.process'.
2025-02-18 20:50:34,770 [DEBUG]  Node 'run_EntitySynonymMapper6' running 'EntitySynonymMapper.process'.
2025-02-18 20:50:34,771 [DEBUG]  Node 'run_ResponseSelector7' running 'ResponseSelector.process'.
2025-02-18 20:50:34,771 [DEBUG]  There is no trained model for 'ResponseSelector': The component is either not trained or didn't receive enough training data.
2025-02-18 20:50:34,772 [DEBUG]  Adding following selector key to message property: default
2025-02-18 20:50:34,772 [DEBUG]  Node 'domain_provider' running 'DomainProvider.provide_inference'.
2025-02-18 20:50:34,772 [DEBUG]  Node 'run_RegexMessageHandler' running 'RegexMessageHandler.process'.
2025-02-18 20:50:34,773 [DEBUG]  [[32m[1mdebug    [0m] [1mprocessor.message.parse       [0m [36mparse_data_entities[0m=[35m[][0m [36mparse_data_intent[0m=[35m{'name': 'affirm', 'confidence': 0.261465847492218}[0m [36mparse_data_text[0m=[35mНет, нет. Я не хочу прощаться[0m
2025-02-18 20:50:34,774 [DEBUG]  Logged UserUtterance - tracker now has 40 events.
2025-02-18 20:50:34,775 [DEBUG]  Validating extracted slots: topic
2025-02-18 20:50:34,775 [DEBUG]  [[32m[1mdebug    [0m] [1mprocessor.extract.slots       [0m [36maction_extract_slot[0m=[35maction_extract_slots[0m [36mlen_extraction_events[0m=[35m1[0m [36mrasa_events[0m=[35m[SlotSet(key: topic, value: Нет, нет. Я не хочу прощаться)][0m
2025-02-18 20:50:34,776 [DEBUG]  Running graph with inputs: {'__tracker__': <rasa.shared.core.trackers.DialogueStateTracker object at 0x000002348D078070>}, targets: ['select_prediction'] and ExecutionContext(model_id='3b4003732e304af583479176338a8749', should_add_diagnostic_data=False, is_finetuning=False, node_name=None).
2025-02-18 20:50:34,776 [DEBUG]  Node 'rule_only_data_provider' running 'RuleOnlyDataProvider.provide'.
2025-02-18 20:50:34,776 [DEBUG]  Node 'domain_provider' running 'DomainProvider.provide_inference'.
2025-02-18 20:50:34,777 [DEBUG]  Node 'run_MemoizationPolicy0' running 'MemoizationPolicy.predict_action_probabilities'.
2025-02-18 20:50:34,778 [DEBUG]  [[32m[1mdebug    [0m] [1mmemoization.predict.actions   [0m [36mtracker_states[0m=[35m[{'user': {'intent': 'goodbye'}, 'prev_action': {'action_name': 'utter_goodbye'}}, {'user': {'intent': 'affirm'}, 'prev_action': {'action_name': 'action_listen'}}][0m
2025-02-18 20:50:34,778 [DEBUG]  There is no memorised next action
2025-02-18 20:50:34,779 [DEBUG]  Node 'run_RulePolicy1' running 'RulePolicy.predict_action_probabilities'.
2025-02-18 20:50:34,779 [DEBUG]  [[32m[1mdebug    [0m] [1mrule_policy.actions.find      [0m [36mcurrent_states[0m=[35m
[state 1] user intent: goodbye | previous action name: action_listen
[state 2] user intent: goodbye | previous action name: utter_goodbye
[state 3] user intent: request_info | previous action name: action_listen
[state 4] user intent: request_info | previous action name: utter_ask_more
[state 5] user intent: ask_microservice_pattern | previous action name: action_listen
[state 6] user intent: ask_microservice_pattern | previous action name: utter_microservice_patterns
[state 7] user intent: goodbye | previous action name: action_listen
[state 8] user intent: goodbye | previous action name: utter_goodbye
[state 9] user intent: goodbye | previous action name: action_listen
[state 10] user intent: goodbye | previous action name: utter_goodbye
[state 11] user text: Нет, нет. Я не хочу прощаться | previous action name: action_listen[0m
2025-02-18 20:50:34,780 [DEBUG]  There is no applicable rule.
2025-02-18 20:50:34,781 [DEBUG]  [[32m[1mdebug    [0m] [1mrule_policy.actions.find      [0m [36mcurrent_states[0m=[35m
[state 1] user intent: goodbye | previous action name: action_listen
[state 2] user intent: goodbye | previous action name: utter_goodbye
[state 3] user intent: request_info | previous action name: action_listen
[state 4] user intent: request_info | previous action name: utter_ask_more
[state 5] user intent: ask_microservice_pattern | previous action name: action_listen
[state 6] user intent: ask_microservice_pattern | previous action name: utter_microservice_patterns
[state 7] user intent: goodbye | previous action name: action_listen
[state 8] user intent: goodbye | previous action name: utter_goodbye
[state 9] user intent: goodbye | previous action name: action_listen
[state 10] user intent: goodbye | previous action name: utter_goodbye
[state 11] user intent: affirm | previous action name: action_listen[0m
2025-02-18 20:50:34,781 [DEBUG]  There is no applicable rule.
2025-02-18 20:50:34,782 [DEBUG]  Node 'run_TEDPolicy2' running 'TEDPolicy.predict_action_probabilities'.
2025-02-18 20:50:34,788 [DEBUG]  TED predicted 'action_default_ask_rephrase' based on user intent.
2025-02-18 20:50:34,789 [DEBUG]  Node 'select_prediction' running 'DefaultPolicyPredictionEnsemble.combine_predictions_from_kwargs'.
2025-02-18 20:50:34,789 [DEBUG]  Made prediction using user intent.
2025-02-18 20:50:34,790 [DEBUG]  Added `DefinePrevUserUtteredFeaturization(False)` event.
2025-02-18 20:50:34,790 [DEBUG]  Predicted next action using RulePolicy.
2025-02-18 20:50:34,790 [DEBUG]  Predicted next action 'action_default_fallback' with confidence 0.30.
2025-02-18 20:50:34,791 [DEBUG]  [[32m[1mdebug    [0m] [1mprocessor.actions.policy_prediction[0m [36mprediction_events[0m=[35m[<rasa.shared.core.events.DefinePrevUserUtteredFeaturization object at 0x000002348CE7A320>][0m
2025-02-18 20:50:34,792 [DEBUG]  [[32m[1mdebug    [0m] [1mprocessor.actions.log         [0m [36maction_name[0m=[35maction_default_fallback[0m [36mrasa_events[0m=[35m[<rasa.shared.core.events.UserUtteranceReverted object at 0x000002348CE7B640>][0m
2025-02-18 20:50:34,792 [DEBUG]  [[32m[1mdebug    [0m] [1mprocessor.slots.log           [0m [36mslot_values[0m=[35m	topic: Привет
	pattern: None
	session_started_metadata: None[0m
2025-02-18 20:50:34,793 [DEBUG]  Running graph with inputs: {'__tracker__': <rasa.shared.core.trackers.DialogueStateTracker object at 0x000002348D078070>}, targets: ['select_prediction'] and ExecutionContext(model_id='3b4003732e304af583479176338a8749', should_add_diagnostic_data=False, is_finetuning=False, node_name=None).
2025-02-18 20:50:34,793 [DEBUG]  Node 'rule_only_data_provider' running 'RuleOnlyDataProvider.provide'.
2025-02-18 20:50:34,794 [DEBUG]  Node 'domain_provider' running 'DomainProvider.provide_inference'.
2025-02-18 20:50:34,794 [DEBUG]  Node 'run_MemoizationPolicy0' running 'MemoizationPolicy.predict_action_probabilities'.
2025-02-18 20:50:34,795 [DEBUG]  [[32m[1mdebug    [0m] [1mmemoization.predict.actions   [0m [36mtracker_states[0m=[35m[{'user': {'intent': 'goodbye'}, 'prev_action': {'action_name': 'action_listen'}}, {'user': {'intent': 'goodbye'}, 'prev_action': {'action_name': 'utter_goodbye'}}][0m
2025-02-18 20:50:34,795 [DEBUG]  There is a memorised next action 'action_listen'
2025-02-18 20:50:34,796 [DEBUG]  Node 'run_RulePolicy1' running 'RulePolicy.predict_action_probabilities'.
2025-02-18 20:50:34,797 [DEBUG]  [[32m[1mdebug    [0m] [1mrule_policy.actions.find      [0m [36mcurrent_states[0m=[35m
[state 1] user intent: goodbye | previous action name: action_listen
[state 2] user intent: goodbye | previous action name: utter_goodbye
[state 3] user intent: request_info | previous action name: action_listen
[state 4] user intent: request_info | previous action name: utter_ask_more
[state 5] user intent: ask_microservice_pattern | previous action name: action_listen
[state 6] user intent: ask_microservice_pattern | previous action name: utter_microservice_patterns
[state 7] user intent: goodbye | previous action name: action_listen
[state 8] user intent: goodbye | previous action name: utter_goodbye
[state 9] user intent: goodbye | previous action name: action_listen
[state 10] user intent: goodbye | previous action name: utter_goodbye[0m
2025-02-18 20:50:34,797 [DEBUG]  There is a rule for the next action 'action_listen'.
2025-02-18 20:50:34,797 [DEBUG]  Node 'run_TEDPolicy2' running 'TEDPolicy.predict_action_probabilities'.
2025-02-18 20:50:34,804 [DEBUG]  TED predicted 'action_back' based on user intent.
2025-02-18 20:50:34,805 [DEBUG]  Node 'select_prediction' running 'DefaultPolicyPredictionEnsemble.combine_predictions_from_kwargs'.
2025-02-18 20:50:34,805 [DEBUG]  Predicted next action using RulePolicy.
2025-02-18 20:50:34,806 [DEBUG]  Predicted next action 'action_listen' with confidence 1.00.
2025-02-18 20:50:34,806 [DEBUG]  [[32m[1mdebug    [0m] [1mprocessor.actions.policy_prediction[0m [36mprediction_events[0m=[35m[][0m
2025-02-18 20:50:34,807 [DEBUG]  [[32m[1mdebug    [0m] [1mprocessor.actions.log         [0m [36maction_name[0m=[35maction_listen[0m [36mrasa_events[0m=[35m[][0m
2025-02-18 20:50:34,807 [DEBUG]  No event broker configured. Skipping streaming events.
2025-02-18 20:50:34,809 [DEBUG]  Deleted lock for conversation 'PractikumStudent'.
2025-02-18 20:50:39,781 [DEBUG]  Issuing ticket for conversation 'PractikumStudent'.
2025-02-18 20:50:39,782 [DEBUG]  Acquiring lock for conversation 'PractikumStudent'.
2025-02-18 20:50:39,782 [DEBUG]  Acquired lock for conversation 'PractikumStudent'.
2025-02-18 20:50:39,782 [DEBUG]  Recreating tracker for id 'PractikumStudent'
2025-02-18 20:50:39,788 [DEBUG]  Running graph with inputs: {'__message__': [<rasa.core.channels.channel.UserMessage object at 0x00000234671E7CD0>], '__tracker__': <rasa.shared.core.trackers.DialogueStateTracker object at 0x000002348BD8C0D0>}, targets: ['run_RegexMessageHandler'] and ExecutionContext(model_id='3b4003732e304af583479176338a8749', should_add_diagnostic_data=False, is_finetuning=False, node_name=None).
2025-02-18 20:50:39,789 [DEBUG]  Node 'nlu_message_converter' running 'NLUMessageConverter.convert_user_message'.
2025-02-18 20:50:39,789 [DEBUG]  Node 'run_WhitespaceTokenizer0' running 'WhitespaceTokenizer.process'.
2025-02-18 20:50:39,790 [DEBUG]  Node 'run_RegexFeaturizer1' running 'RegexFeaturizer.process'.
2025-02-18 20:50:39,790 [DEBUG]  Node 'run_LexicalSyntacticFeaturizer2' running 'LexicalSyntacticFeaturizer.process'.
2025-02-18 20:50:39,791 [DEBUG]  Node 'run_CountVectorsFeaturizer3' running 'CountVectorsFeaturizer.process'.
2025-02-18 20:50:39,792 [DEBUG]  Node 'run_LanguageModelFeaturizer4' running 'LanguageModelFeaturizer.process'.
2025-02-18 20:50:40,039 [DEBUG]  Node 'run_DIETClassifier5' running 'DIETClassifier.process'.
2025-02-18 20:50:40,046 [DEBUG]  Node 'run_EntitySynonymMapper6' running 'EntitySynonymMapper.process'.
2025-02-18 20:50:40,047 [DEBUG]  Node 'run_ResponseSelector7' running 'ResponseSelector.process'.
2025-02-18 20:50:40,047 [DEBUG]  There is no trained model for 'ResponseSelector': The component is either not trained or didn't receive enough training data.
2025-02-18 20:50:40,047 [DEBUG]  Adding following selector key to message property: default
2025-02-18 20:50:40,047 [DEBUG]  Node 'domain_provider' running 'DomainProvider.provide_inference'.
2025-02-18 20:50:40,048 [DEBUG]  Node 'run_RegexMessageHandler' running 'RegexMessageHandler.process'.
2025-02-18 20:50:40,048 [DEBUG]  [[32m[1mdebug    [0m] [1mprocessor.message.parse       [0m [36mparse_data_entities[0m=[35m[][0m [36mparse_data_intent[0m=[35m{'name': 'request_info', 'confidence': 0.36033472418785095}[0m [36mparse_data_text[0m=[35mЭй?[0m
2025-02-18 20:50:40,049 [DEBUG]  Logged UserUtterance - tracker now has 46 events.
2025-02-18 20:50:40,049 [DEBUG]  Validating extracted slots: topic
2025-02-18 20:50:40,049 [DEBUG]  [[32m[1mdebug    [0m] [1mprocessor.extract.slots       [0m [36maction_extract_slot[0m=[35maction_extract_slots[0m [36mlen_extraction_events[0m=[35m1[0m [36mrasa_events[0m=[35m[SlotSet(key: topic, value: Эй?)][0m
2025-02-18 20:50:40,050 [DEBUG]  Running graph with inputs: {'__tracker__': <rasa.shared.core.trackers.DialogueStateTracker object at 0x000002348BD8C0D0>}, targets: ['select_prediction'] and ExecutionContext(model_id='3b4003732e304af583479176338a8749', should_add_diagnostic_data=False, is_finetuning=False, node_name=None).
2025-02-18 20:50:40,050 [DEBUG]  Node 'rule_only_data_provider' running 'RuleOnlyDataProvider.provide'.
2025-02-18 20:50:40,051 [DEBUG]  Node 'domain_provider' running 'DomainProvider.provide_inference'.
2025-02-18 20:50:40,051 [DEBUG]  Node 'run_MemoizationPolicy0' running 'MemoizationPolicy.predict_action_probabilities'.
2025-02-18 20:50:40,052 [DEBUG]  [[32m[1mdebug    [0m] [1mmemoization.predict.actions   [0m [36mtracker_states[0m=[35m[{'user': {'intent': 'goodbye'}, 'prev_action': {'action_name': 'utter_goodbye'}}, {'user': {'intent': 'request_info'}, 'prev_action': {'action_name': 'action_listen'}}][0m
2025-02-18 20:50:40,052 [DEBUG]  There is no memorised next action
2025-02-18 20:50:40,053 [DEBUG]  Node 'run_RulePolicy1' running 'RulePolicy.predict_action_probabilities'.
2025-02-18 20:50:40,054 [DEBUG]  [[32m[1mdebug    [0m] [1mrule_policy.actions.find      [0m [36mcurrent_states[0m=[35m
[state 1] user intent: goodbye | previous action name: action_listen
[state 2] user intent: goodbye | previous action name: utter_goodbye
[state 3] user intent: request_info | previous action name: action_listen
[state 4] user intent: request_info | previous action name: utter_ask_more
[state 5] user intent: ask_microservice_pattern | previous action name: action_listen
[state 6] user intent: ask_microservice_pattern | previous action name: utter_microservice_patterns
[state 7] user intent: goodbye | previous action name: action_listen
[state 8] user intent: goodbye | previous action name: utter_goodbye
[state 9] user intent: goodbye | previous action name: action_listen
[state 10] user intent: goodbye | previous action name: utter_goodbye
[state 11] user text: Эй? | previous action name: action_listen[0m
2025-02-18 20:50:40,054 [DEBUG]  There is no applicable rule.
2025-02-18 20:50:40,055 [DEBUG]  [[32m[1mdebug    [0m] [1mrule_policy.actions.find      [0m [36mcurrent_states[0m=[35m
[state 1] user intent: goodbye | previous action name: action_listen
[state 2] user intent: goodbye | previous action name: utter_goodbye
[state 3] user intent: request_info | previous action name: action_listen
[state 4] user intent: request_info | previous action name: utter_ask_more
[state 5] user intent: ask_microservice_pattern | previous action name: action_listen
[state 6] user intent: ask_microservice_pattern | previous action name: utter_microservice_patterns
[state 7] user intent: goodbye | previous action name: action_listen
[state 8] user intent: goodbye | previous action name: utter_goodbye
[state 9] user intent: goodbye | previous action name: action_listen
[state 10] user intent: goodbye | previous action name: utter_goodbye
[state 11] user intent: request_info | previous action name: action_listen[0m
2025-02-18 20:50:40,055 [DEBUG]  There is a rule for the next action 'utter_ask_more'.
2025-02-18 20:50:40,056 [DEBUG]  Node 'run_TEDPolicy2' running 'TEDPolicy.predict_action_probabilities'.
2025-02-18 20:50:40,061 [DEBUG]  TED predicted 'utter_architecture_response' based on user intent.
2025-02-18 20:50:40,062 [DEBUG]  Node 'select_prediction' running 'DefaultPolicyPredictionEnsemble.combine_predictions_from_kwargs'.
2025-02-18 20:50:40,062 [DEBUG]  Made prediction using user intent.
2025-02-18 20:50:40,063 [DEBUG]  Added `DefinePrevUserUtteredFeaturization(False)` event.
2025-02-18 20:50:40,063 [DEBUG]  Predicted next action using RulePolicy.
2025-02-18 20:50:40,063 [DEBUG]  Predicted next action 'utter_ask_more' with confidence 1.00.
2025-02-18 20:50:40,064 [DEBUG]  [[32m[1mdebug    [0m] [1mprocessor.actions.policy_prediction[0m [36mprediction_events[0m=[35m[<rasa.shared.core.events.DefinePrevUserUtteredFeaturization object at 0x000002348CE78DC0>][0m
2025-02-18 20:50:40,065 [DEBUG]  [[32m[1mdebug    [0m] [1mprocessor.actions.log         [0m [36maction_name[0m=[35mutter_ask_more[0m [36mrasa_events[0m=[35m[BotUttered('Что именно вас интересует в архитектуре программного обеспечения?', {"elements": null, "quick_replies": null, "buttons": null, "attachment": null, "image": null, "custom": null}, {"utter_action": "utter_ask_more"}, 1739901040.0644352)][0m
2025-02-18 20:50:40,065 [DEBUG]  Running graph with inputs: {'__tracker__': <rasa.shared.core.trackers.DialogueStateTracker object at 0x000002348BD8C0D0>}, targets: ['select_prediction'] and ExecutionContext(model_id='3b4003732e304af583479176338a8749', should_add_diagnostic_data=False, is_finetuning=False, node_name=None).
2025-02-18 20:50:40,066 [DEBUG]  Node 'rule_only_data_provider' running 'RuleOnlyDataProvider.provide'.
2025-02-18 20:50:40,066 [DEBUG]  Node 'domain_provider' running 'DomainProvider.provide_inference'.
2025-02-18 20:50:40,066 [DEBUG]  Node 'run_MemoizationPolicy0' running 'MemoizationPolicy.predict_action_probabilities'.
2025-02-18 20:50:40,068 [DEBUG]  [[32m[1mdebug    [0m] [1mmemoization.predict.actions   [0m [36mtracker_states[0m=[35m[{'user': {'intent': 'request_info'}, 'prev_action': {'action_name': 'action_listen'}}, {'user': {'intent': 'request_info'}, 'prev_action': {'action_name': 'utter_ask_more'}}][0m
2025-02-18 20:50:40,068 [DEBUG]  There is a memorised next action 'action_listen'
2025-02-18 20:50:40,069 [DEBUG]  Node 'run_RulePolicy1' running 'RulePolicy.predict_action_probabilities'.
2025-02-18 20:50:40,069 [DEBUG]  [[32m[1mdebug    [0m] [1mrule_policy.actions.find      [0m [36mcurrent_states[0m=[35m
[state 1] user intent: goodbye | previous action name: action_listen
[state 2] user intent: goodbye | previous action name: utter_goodbye
[state 3] user intent: request_info | previous action name: action_listen
[state 4] user intent: request_info | previous action name: utter_ask_more
[state 5] user intent: ask_microservice_pattern | previous action name: action_listen
[state 6] user intent: ask_microservice_pattern | previous action name: utter_microservice_patterns
[state 7] user intent: goodbye | previous action name: action_listen
[state 8] user intent: goodbye | previous action name: utter_goodbye
[state 9] user intent: goodbye | previous action name: action_listen
[state 10] user intent: goodbye | previous action name: utter_goodbye
[state 11] user intent: request_info | previous action name: action_listen
[state 12] user intent: request_info | previous action name: utter_ask_more[0m
2025-02-18 20:50:40,070 [DEBUG]  There is a rule for the next action 'action_listen'.
2025-02-18 20:50:40,070 [DEBUG]  Node 'run_TEDPolicy2' running 'TEDPolicy.predict_action_probabilities'.
2025-02-18 20:50:40,076 [DEBUG]  TED predicted 'action_default_ask_rephrase' based on user intent.
2025-02-18 20:50:40,076 [DEBUG]  Node 'select_prediction' running 'DefaultPolicyPredictionEnsemble.combine_predictions_from_kwargs'.
2025-02-18 20:50:40,076 [DEBUG]  Predicted next action using RulePolicy.
2025-02-18 20:50:40,077 [DEBUG]  Predicted next action 'action_listen' with confidence 1.00.
2025-02-18 20:50:40,078 [DEBUG]  [[32m[1mdebug    [0m] [1mprocessor.actions.policy_prediction[0m [36mprediction_events[0m=[35m[][0m
2025-02-18 20:50:40,078 [DEBUG]  [[32m[1mdebug    [0m] [1mprocessor.actions.log         [0m [36maction_name[0m=[35maction_listen[0m [36mrasa_events[0m=[35m[][0m
2025-02-18 20:50:40,078 [DEBUG]  No event broker configured. Skipping streaming events.
2025-02-18 20:50:40,079 [DEBUG]  Deleted lock for conversation 'PractikumStudent'.
2025-02-18 20:50:48,935 [DEBUG]  Issuing ticket for conversation 'PractikumStudent'.
2025-02-18 20:50:48,936 [DEBUG]  Acquiring lock for conversation 'PractikumStudent'.
2025-02-18 20:50:48,936 [DEBUG]  Acquired lock for conversation 'PractikumStudent'.
2025-02-18 20:50:48,936 [DEBUG]  Recreating tracker for id 'PractikumStudent'
2025-02-18 20:50:48,943 [DEBUG]  Running graph with inputs: {'__message__': [<rasa.core.channels.channel.UserMessage object at 0x00000234730CAB90>], '__tracker__': <rasa.shared.core.trackers.DialogueStateTracker object at 0x000002348CFE6860>}, targets: ['run_RegexMessageHandler'] and ExecutionContext(model_id='3b4003732e304af583479176338a8749', should_add_diagnostic_data=False, is_finetuning=False, node_name=None).
2025-02-18 20:50:48,944 [DEBUG]  Node 'nlu_message_converter' running 'NLUMessageConverter.convert_user_message'.
2025-02-18 20:50:48,944 [DEBUG]  Node 'run_WhitespaceTokenizer0' running 'WhitespaceTokenizer.process'.
2025-02-18 20:50:48,945 [DEBUG]  Node 'run_RegexFeaturizer1' running 'RegexFeaturizer.process'.
2025-02-18 20:50:48,945 [DEBUG]  Node 'run_LexicalSyntacticFeaturizer2' running 'LexicalSyntacticFeaturizer.process'.
2025-02-18 20:50:48,946 [DEBUG]  Node 'run_CountVectorsFeaturizer3' running 'CountVectorsFeaturizer.process'.
2025-02-18 20:50:48,947 [DEBUG]  Node 'run_LanguageModelFeaturizer4' running 'LanguageModelFeaturizer.process'.
2025-02-18 20:50:49,248 [DEBUG]  Node 'run_DIETClassifier5' running 'DIETClassifier.process'.
2025-02-18 20:50:49,257 [DEBUG]  Node 'run_EntitySynonymMapper6' running 'EntitySynonymMapper.process'.
2025-02-18 20:50:49,257 [DEBUG]  Node 'run_ResponseSelector7' running 'ResponseSelector.process'.
2025-02-18 20:50:49,258 [DEBUG]  There is no trained model for 'ResponseSelector': The component is either not trained or didn't receive enough training data.
2025-02-18 20:50:49,258 [DEBUG]  Adding following selector key to message property: default
2025-02-18 20:50:49,258 [DEBUG]  Node 'domain_provider' running 'DomainProvider.provide_inference'.
2025-02-18 20:50:49,259 [DEBUG]  Node 'run_RegexMessageHandler' running 'RegexMessageHandler.process'.
2025-02-18 20:50:49,260 [DEBUG]  [[32m[1mdebug    [0m] [1mprocessor.message.parse       [0m [36mparse_data_entities[0m=[35m[][0m [36mparse_data_intent[0m=[35m{'name': 'request_info', 'confidence': 0.22044157981872559}[0m [36mparse_data_text[0m=[35mВсе[0m
2025-02-18 20:50:49,260 [DEBUG]  Logged UserUtterance - tracker now has 52 events.
2025-02-18 20:50:49,261 [DEBUG]  Validating extracted slots: topic
2025-02-18 20:50:49,261 [DEBUG]  [[32m[1mdebug    [0m] [1mprocessor.extract.slots       [0m [36maction_extract_slot[0m=[35maction_extract_slots[0m [36mlen_extraction_events[0m=[35m1[0m [36mrasa_events[0m=[35m[SlotSet(key: topic, value: Все)][0m
2025-02-18 20:50:49,262 [DEBUG]  Running graph with inputs: {'__tracker__': <rasa.shared.core.trackers.DialogueStateTracker object at 0x000002348CFE6860>}, targets: ['select_prediction'] and ExecutionContext(model_id='3b4003732e304af583479176338a8749', should_add_diagnostic_data=False, is_finetuning=False, node_name=None).
2025-02-18 20:50:49,262 [DEBUG]  Node 'rule_only_data_provider' running 'RuleOnlyDataProvider.provide'.
2025-02-18 20:50:49,263 [DEBUG]  Node 'domain_provider' running 'DomainProvider.provide_inference'.
2025-02-18 20:50:49,263 [DEBUG]  Node 'run_MemoizationPolicy0' running 'MemoizationPolicy.predict_action_probabilities'.
2025-02-18 20:50:49,264 [DEBUG]  [[32m[1mdebug    [0m] [1mmemoization.predict.actions   [0m [36mtracker_states[0m=[35m[{'user': {'intent': 'request_info'}, 'prev_action': {'action_name': 'utter_ask_more'}}, {'user': {'intent': 'request_info'}, 'prev_action': {'action_name': 'action_listen'}}][0m
2025-02-18 20:50:49,264 [DEBUG]  There is no memorised next action
2025-02-18 20:50:49,265 [DEBUG]  Node 'run_RulePolicy1' running 'RulePolicy.predict_action_probabilities'.
2025-02-18 20:50:49,265 [DEBUG]  [[32m[1mdebug    [0m] [1mrule_policy.actions.find      [0m [36mcurrent_states[0m=[35m
[state 1] user intent: goodbye | previous action name: action_listen
[state 2] user intent: goodbye | previous action name: utter_goodbye
[state 3] user intent: request_info | previous action name: action_listen
[state 4] user intent: request_info | previous action name: utter_ask_more
[state 5] user intent: ask_microservice_pattern | previous action name: action_listen
[state 6] user intent: ask_microservice_pattern | previous action name: utter_microservice_patterns
[state 7] user intent: goodbye | previous action name: action_listen
[state 8] user intent: goodbye | previous action name: utter_goodbye
[state 9] user intent: goodbye | previous action name: action_listen
[state 10] user intent: goodbye | previous action name: utter_goodbye
[state 11] user intent: request_info | previous action name: action_listen
[state 12] user intent: request_info | previous action name: utter_ask_more
[state 13] user text: Все | previous action name: action_listen[0m
2025-02-18 20:50:49,266 [DEBUG]  There is no applicable rule.
2025-02-18 20:50:49,267 [DEBUG]  [[32m[1mdebug    [0m] [1mrule_policy.actions.find      [0m [36mcurrent_states[0m=[35m
[state 1] user intent: goodbye | previous action name: action_listen
[state 2] user intent: goodbye | previous action name: utter_goodbye
[state 3] user intent: request_info | previous action name: action_listen
[state 4] user intent: request_info | previous action name: utter_ask_more
[state 5] user intent: ask_microservice_pattern | previous action name: action_listen
[state 6] user intent: ask_microservice_pattern | previous action name: utter_microservice_patterns
[state 7] user intent: goodbye | previous action name: action_listen
[state 8] user intent: goodbye | previous action name: utter_goodbye
[state 9] user intent: goodbye | previous action name: action_listen
[state 10] user intent: goodbye | previous action name: utter_goodbye
[state 11] user intent: request_info | previous action name: action_listen
[state 12] user intent: request_info | previous action name: utter_ask_more
[state 13] user intent: request_info | previous action name: action_listen[0m
2025-02-18 20:50:49,267 [DEBUG]  There is a rule for the next action 'utter_ask_more'.
2025-02-18 20:50:49,267 [DEBUG]  Node 'run_TEDPolicy2' running 'TEDPolicy.predict_action_probabilities'.
2025-02-18 20:50:49,274 [DEBUG]  TED predicted 'utter_architecture_response' based on user intent.
2025-02-18 20:50:49,275 [DEBUG]  Node 'select_prediction' running 'DefaultPolicyPredictionEnsemble.combine_predictions_from_kwargs'.
2025-02-18 20:50:49,276 [DEBUG]  Made prediction using user intent.
2025-02-18 20:50:49,276 [DEBUG]  Added `DefinePrevUserUtteredFeaturization(False)` event.
2025-02-18 20:50:49,276 [DEBUG]  Predicted next action using RulePolicy.
2025-02-18 20:50:49,277 [DEBUG]  Predicted next action 'utter_ask_more' with confidence 1.00.
2025-02-18 20:50:49,278 [DEBUG]  [[32m[1mdebug    [0m] [1mprocessor.actions.policy_prediction[0m [36mprediction_events[0m=[35m[<rasa.shared.core.events.DefinePrevUserUtteredFeaturization object at 0x000002348CE7A320>][0m
2025-02-18 20:50:49,279 [DEBUG]  [[32m[1mdebug    [0m] [1mprocessor.actions.log         [0m [36maction_name[0m=[35mutter_ask_more[0m [36mrasa_events[0m=[35m[BotUttered('Что именно вас интересует в архитектуре программного обеспечения?', {"elements": null, "quick_replies": null, "buttons": null, "attachment": null, "image": null, "custom": null}, {"utter_action": "utter_ask_more"}, 1739901049.2786875)][0m
2025-02-18 20:50:49,279 [DEBUG]  Running graph with inputs: {'__tracker__': <rasa.shared.core.trackers.DialogueStateTracker object at 0x000002348CFE6860>}, targets: ['select_prediction'] and ExecutionContext(model_id='3b4003732e304af583479176338a8749', should_add_diagnostic_data=False, is_finetuning=False, node_name=None).
2025-02-18 20:50:49,280 [DEBUG]  Node 'rule_only_data_provider' running 'RuleOnlyDataProvider.provide'.
2025-02-18 20:50:49,281 [DEBUG]  Node 'domain_provider' running 'DomainProvider.provide_inference'.
2025-02-18 20:50:49,281 [DEBUG]  Node 'run_MemoizationPolicy0' running 'MemoizationPolicy.predict_action_probabilities'.
2025-02-18 20:50:49,282 [DEBUG]  [[32m[1mdebug    [0m] [1mmemoization.predict.actions   [0m [36mtracker_states[0m=[35m[{'user': {'intent': 'request_info'}, 'prev_action': {'action_name': 'action_listen'}}, {'user': {'intent': 'request_info'}, 'prev_action': {'action_name': 'utter_ask_more'}}][0m
2025-02-18 20:50:49,283 [DEBUG]  There is a memorised next action 'action_listen'
2025-02-18 20:50:49,283 [DEBUG]  Node 'run_RulePolicy1' running 'RulePolicy.predict_action_probabilities'.
2025-02-18 20:50:49,284 [DEBUG]  [[32m[1mdebug    [0m] [1mrule_policy.actions.find      [0m [36mcurrent_states[0m=[35m
[state 1] user intent: goodbye | previous action name: action_listen
[state 2] user intent: goodbye | previous action name: utter_goodbye
[state 3] user intent: request_info | previous action name: action_listen
[state 4] user intent: request_info | previous action name: utter_ask_more
[state 5] user intent: ask_microservice_pattern | previous action name: action_listen
[state 6] user intent: ask_microservice_pattern | previous action name: utter_microservice_patterns
[state 7] user intent: goodbye | previous action name: action_listen
[state 8] user intent: goodbye | previous action name: utter_goodbye
[state 9] user intent: goodbye | previous action name: action_listen
[state 10] user intent: goodbye | previous action name: utter_goodbye
[state 11] user intent: request_info | previous action name: action_listen
[state 12] user intent: request_info | previous action name: utter_ask_more
[state 13] user intent: request_info | previous action name: action_listen
[state 14] user intent: request_info | previous action name: utter_ask_more[0m
2025-02-18 20:50:49,286 [DEBUG]  There is a rule for the next action 'action_listen'.
2025-02-18 20:50:49,286 [DEBUG]  Node 'run_TEDPolicy2' running 'TEDPolicy.predict_action_probabilities'.
2025-02-18 20:50:49,294 [DEBUG]  TED predicted 'action_default_ask_rephrase' based on user intent.
2025-02-18 20:50:49,295 [DEBUG]  Node 'select_prediction' running 'DefaultPolicyPredictionEnsemble.combine_predictions_from_kwargs'.
2025-02-18 20:50:49,295 [DEBUG]  Predicted next action using RulePolicy.
2025-02-18 20:50:49,296 [DEBUG]  Predicted next action 'action_listen' with confidence 1.00.
2025-02-18 20:50:49,297 [DEBUG]  [[32m[1mdebug    [0m] [1mprocessor.actions.policy_prediction[0m [36mprediction_events[0m=[35m[][0m
2025-02-18 20:50:49,298 [DEBUG]  [[32m[1mdebug    [0m] [1mprocessor.actions.log         [0m [36maction_name[0m=[35maction_listen[0m [36mrasa_events[0m=[35m[][0m
2025-02-18 20:50:49,298 [DEBUG]  No event broker configured. Skipping streaming events.
2025-02-18 20:50:49,300 [DEBUG]  Deleted lock for conversation 'PractikumStudent'.
2025-02-18 20:50:59,254 [DEBUG]  Issuing ticket for conversation 'PractikumStudent'.
2025-02-18 20:50:59,256 [DEBUG]  Acquiring lock for conversation 'PractikumStudent'.
2025-02-18 20:50:59,256 [DEBUG]  Acquired lock for conversation 'PractikumStudent'.
2025-02-18 20:50:59,256 [DEBUG]  Recreating tracker for id 'PractikumStudent'
2025-02-18 20:50:59,262 [DEBUG]  Running graph with inputs: {'__message__': [<rasa.core.channels.channel.UserMessage object at 0x000002348E280370>], '__tracker__': <rasa.shared.core.trackers.DialogueStateTracker object at 0x000002348BD8C760>}, targets: ['run_RegexMessageHandler'] and ExecutionContext(model_id='3b4003732e304af583479176338a8749', should_add_diagnostic_data=False, is_finetuning=False, node_name=None).
2025-02-18 20:50:59,263 [DEBUG]  Node 'nlu_message_converter' running 'NLUMessageConverter.convert_user_message'.
2025-02-18 20:50:59,263 [DEBUG]  Node 'run_WhitespaceTokenizer0' running 'WhitespaceTokenizer.process'.
2025-02-18 20:50:59,264 [DEBUG]  Node 'run_RegexFeaturizer1' running 'RegexFeaturizer.process'.
2025-02-18 20:50:59,264 [DEBUG]  Node 'run_LexicalSyntacticFeaturizer2' running 'LexicalSyntacticFeaturizer.process'.
2025-02-18 20:50:59,265 [DEBUG]  Node 'run_CountVectorsFeaturizer3' running 'CountVectorsFeaturizer.process'.
2025-02-18 20:50:59,266 [DEBUG]  Node 'run_LanguageModelFeaturizer4' running 'LanguageModelFeaturizer.process'.
2025-02-18 20:50:59,663 [DEBUG]  Node 'run_DIETClassifier5' running 'DIETClassifier.process'.
2025-02-18 20:50:59,673 [DEBUG]  Node 'run_EntitySynonymMapper6' running 'EntitySynonymMapper.process'.
2025-02-18 20:50:59,673 [DEBUG]  Node 'run_ResponseSelector7' running 'ResponseSelector.process'.
2025-02-18 20:50:59,674 [DEBUG]  There is no trained model for 'ResponseSelector': The component is either not trained or didn't receive enough training data.
2025-02-18 20:50:59,674 [DEBUG]  Adding following selector key to message property: default
2025-02-18 20:50:59,674 [DEBUG]  Node 'domain_provider' running 'DomainProvider.provide_inference'.
2025-02-18 20:50:59,675 [DEBUG]  Node 'run_RegexMessageHandler' running 'RegexMessageHandler.process'.
2025-02-18 20:50:59,675 [DEBUG]  [[32m[1mdebug    [0m] [1mprocessor.message.parse       [0m [36mparse_data_entities[0m=[35m[][0m [36mparse_data_intent[0m=[35m{'name': 'goodbye', 'confidence': 0.26835042238235474}[0m [36mparse_data_text[0m=[35mА что ты можешь предложить?[0m
2025-02-18 20:50:59,676 [DEBUG]  Logged UserUtterance - tracker now has 58 events.
2025-02-18 20:50:59,676 [DEBUG]  Validating extracted slots: topic
2025-02-18 20:50:59,677 [DEBUG]  [[32m[1mdebug    [0m] [1mprocessor.extract.slots       [0m [36maction_extract_slot[0m=[35maction_extract_slots[0m [36mlen_extraction_events[0m=[35m1[0m [36mrasa_events[0m=[35m[SlotSet(key: topic, value: А что ты можешь предложить?)][0m
2025-02-18 20:50:59,677 [DEBUG]  Running graph with inputs: {'__tracker__': <rasa.shared.core.trackers.DialogueStateTracker object at 0x000002348BD8C760>}, targets: ['select_prediction'] and ExecutionContext(model_id='3b4003732e304af583479176338a8749', should_add_diagnostic_data=False, is_finetuning=False, node_name=None).
2025-02-18 20:50:59,678 [DEBUG]  Node 'rule_only_data_provider' running 'RuleOnlyDataProvider.provide'.
2025-02-18 20:50:59,678 [DEBUG]  Node 'domain_provider' running 'DomainProvider.provide_inference'.
2025-02-18 20:50:59,678 [DEBUG]  Node 'run_MemoizationPolicy0' running 'MemoizationPolicy.predict_action_probabilities'.
2025-02-18 20:50:59,679 [DEBUG]  [[32m[1mdebug    [0m] [1mmemoization.predict.actions   [0m [36mtracker_states[0m=[35m[{'user': {'intent': 'request_info'}, 'prev_action': {'action_name': 'utter_ask_more'}}, {'user': {'intent': 'goodbye'}, 'prev_action': {'action_name': 'action_listen'}}][0m
2025-02-18 20:50:59,680 [DEBUG]  There is no memorised next action
2025-02-18 20:50:59,680 [DEBUG]  Node 'run_RulePolicy1' running 'RulePolicy.predict_action_probabilities'.
2025-02-18 20:50:59,681 [DEBUG]  [[32m[1mdebug    [0m] [1mrule_policy.actions.find      [0m [36mcurrent_states[0m=[35m
[state 1] user intent: goodbye | previous action name: action_listen
[state 2] user intent: goodbye | previous action name: utter_goodbye
[state 3] user intent: request_info | previous action name: action_listen
[state 4] user intent: request_info | previous action name: utter_ask_more
[state 5] user intent: ask_microservice_pattern | previous action name: action_listen
[state 6] user intent: ask_microservice_pattern | previous action name: utter_microservice_patterns
[state 7] user intent: goodbye | previous action name: action_listen
[state 8] user intent: goodbye | previous action name: utter_goodbye
[state 9] user intent: goodbye | previous action name: action_listen
[state 10] user intent: goodbye | previous action name: utter_goodbye
[state 11] user intent: request_info | previous action name: action_listen
[state 12] user intent: request_info | previous action name: utter_ask_more
[state 13] user intent: request_info | previous action name: action_listen
[state 14] user intent: request_info | previous action name: utter_ask_more
[state 15] user text: А что ты можешь предложить? | previous action name: action_listen[0m
2025-02-18 20:50:59,681 [DEBUG]  There is no applicable rule.
2025-02-18 20:50:59,683 [DEBUG]  [[32m[1mdebug    [0m] [1mrule_policy.actions.find      [0m [36mcurrent_states[0m=[35m
[state 1] user intent: goodbye | previous action name: action_listen
[state 2] user intent: goodbye | previous action name: utter_goodbye
[state 3] user intent: request_info | previous action name: action_listen
[state 4] user intent: request_info | previous action name: utter_ask_more
[state 5] user intent: ask_microservice_pattern | previous action name: action_listen
[state 6] user intent: ask_microservice_pattern | previous action name: utter_microservice_patterns
[state 7] user intent: goodbye | previous action name: action_listen
[state 8] user intent: goodbye | previous action name: utter_goodbye
[state 9] user intent: goodbye | previous action name: action_listen
[state 10] user intent: goodbye | previous action name: utter_goodbye
[state 11] user intent: request_info | previous action name: action_listen
[state 12] user intent: request_info | previous action name: utter_ask_more
[state 13] user intent: request_info | previous action name: action_listen
[state 14] user intent: request_info | previous action name: utter_ask_more
[state 15] user intent: goodbye | previous action name: action_listen[0m
2025-02-18 20:50:59,683 [DEBUG]  There is a rule for the next action 'utter_goodbye'.
2025-02-18 20:50:59,683 [DEBUG]  Node 'run_TEDPolicy2' running 'TEDPolicy.predict_action_probabilities'.
2025-02-18 20:50:59,690 [DEBUG]  TED predicted 'action_default_ask_rephrase' based on user intent.
2025-02-18 20:50:59,691 [DEBUG]  Node 'select_prediction' running 'DefaultPolicyPredictionEnsemble.combine_predictions_from_kwargs'.
2025-02-18 20:50:59,691 [DEBUG]  Made prediction using user intent.
2025-02-18 20:50:59,691 [DEBUG]  Added `DefinePrevUserUtteredFeaturization(False)` event.
2025-02-18 20:50:59,691 [DEBUG]  Predicted next action using RulePolicy.
2025-02-18 20:50:59,692 [DEBUG]  Predicted next action 'utter_goodbye' with confidence 1.00.
2025-02-18 20:50:59,693 [DEBUG]  [[32m[1mdebug    [0m] [1mprocessor.actions.policy_prediction[0m [36mprediction_events[0m=[35m[<rasa.shared.core.events.DefinePrevUserUtteredFeaturization object at 0x000002348CE79C00>][0m
2025-02-18 20:50:59,694 [DEBUG]  [[32m[1mdebug    [0m] [1mprocessor.actions.log         [0m [36maction_name[0m=[35mutter_goodbye[0m [36mrasa_events[0m=[35m[BotUttered('До свидания! Если появятся вопросы по архитектуре ПО, обращайтесь.', {"elements": null, "quick_replies": null, "buttons": null, "attachment": null, "image": null, "custom": null}, {"utter_action": "utter_goodbye"}, 1739901059.6933198)][0m
2025-02-18 20:50:59,694 [DEBUG]  Running graph with inputs: {'__tracker__': <rasa.shared.core.trackers.DialogueStateTracker object at 0x000002348BD8C760>}, targets: ['select_prediction'] and ExecutionContext(model_id='3b4003732e304af583479176338a8749', should_add_diagnostic_data=False, is_finetuning=False, node_name=None).
2025-02-18 20:50:59,695 [DEBUG]  Node 'rule_only_data_provider' running 'RuleOnlyDataProvider.provide'.
2025-02-18 20:50:59,695 [DEBUG]  Node 'domain_provider' running 'DomainProvider.provide_inference'.
2025-02-18 20:50:59,696 [DEBUG]  Node 'run_MemoizationPolicy0' running 'MemoizationPolicy.predict_action_probabilities'.
2025-02-18 20:50:59,697 [DEBUG]  [[32m[1mdebug    [0m] [1mmemoization.predict.actions   [0m [36mtracker_states[0m=[35m[{'user': {'intent': 'goodbye'}, 'prev_action': {'action_name': 'action_listen'}}, {'user': {'intent': 'goodbye'}, 'prev_action': {'action_name': 'utter_goodbye'}}][0m
2025-02-18 20:50:59,697 [DEBUG]  There is a memorised next action 'action_listen'
2025-02-18 20:50:59,697 [DEBUG]  Node 'run_RulePolicy1' running 'RulePolicy.predict_action_probabilities'.
2025-02-18 20:50:59,699 [DEBUG]  [[32m[1mdebug    [0m] [1mrule_policy.actions.find      [0m [36mcurrent_states[0m=[35m
[state 1] user intent: goodbye | previous action name: action_listen
[state 2] user intent: goodbye | previous action name: utter_goodbye
[state 3] user intent: request_info | previous action name: action_listen
[state 4] user intent: request_info | previous action name: utter_ask_more
[state 5] user intent: ask_microservice_pattern | previous action name: action_listen
[state 6] user intent: ask_microservice_pattern | previous action name: utter_microservice_patterns
[state 7] user intent: goodbye | previous action name: action_listen
[state 8] user intent: goodbye | previous action name: utter_goodbye
[state 9] user intent: goodbye | previous action name: action_listen
[state 10] user intent: goodbye | previous action name: utter_goodbye
[state 11] user intent: request_info | previous action name: action_listen
[state 12] user intent: request_info | previous action name: utter_ask_more
[state 13] user intent: request_info | previous action name: action_listen
[state 14] user intent: request_info | previous action name: utter_ask_more
[state 15] user intent: goodbye | previous action name: action_listen
[state 16] user intent: goodbye | previous action name: utter_goodbye[0m
2025-02-18 20:50:59,699 [DEBUG]  There is a rule for the next action 'action_listen'.
2025-02-18 20:50:59,700 [DEBUG]  Node 'run_TEDPolicy2' running 'TEDPolicy.predict_action_probabilities'.
2025-02-18 20:50:59,707 [DEBUG]  TED predicted 'action_back' based on user intent.
2025-02-18 20:50:59,708 [DEBUG]  Node 'select_prediction' running 'DefaultPolicyPredictionEnsemble.combine_predictions_from_kwargs'.
2025-02-18 20:50:59,708 [DEBUG]  Predicted next action using RulePolicy.
2025-02-18 20:50:59,709 [DEBUG]  Predicted next action 'action_listen' with confidence 1.00.
2025-02-18 20:50:59,709 [DEBUG]  [[32m[1mdebug    [0m] [1mprocessor.actions.policy_prediction[0m [36mprediction_events[0m=[35m[][0m
2025-02-18 20:50:59,710 [DEBUG]  [[32m[1mdebug    [0m] [1mprocessor.actions.log         [0m [36maction_name[0m=[35maction_listen[0m [36mrasa_events[0m=[35m[][0m
2025-02-18 20:50:59,710 [DEBUG]  No event broker configured. Skipping streaming events.
2025-02-18 20:50:59,712 [DEBUG]  Deleted lock for conversation 'PractikumStudent'.
2025-02-18 20:51:10,678 [DEBUG]  Issuing ticket for conversation 'PractikumStudent'.
2025-02-18 20:51:10,678 [DEBUG]  Acquiring lock for conversation 'PractikumStudent'.
2025-02-18 20:51:10,679 [DEBUG]  Acquired lock for conversation 'PractikumStudent'.
2025-02-18 20:51:10,679 [DEBUG]  Recreating tracker for id 'PractikumStudent'
2025-02-18 20:51:10,686 [DEBUG]  Running graph with inputs: {'__message__': [<rasa.core.channels.channel.UserMessage object at 0x00000234730CAB90>], '__tracker__': <rasa.shared.core.trackers.DialogueStateTracker object at 0x000002348CFE5D80>}, targets: ['run_RegexMessageHandler'] and ExecutionContext(model_id='3b4003732e304af583479176338a8749', should_add_diagnostic_data=False, is_finetuning=False, node_name=None).
2025-02-18 20:51:10,687 [DEBUG]  Node 'nlu_message_converter' running 'NLUMessageConverter.convert_user_message'.
2025-02-18 20:51:10,687 [DEBUG]  Node 'run_WhitespaceTokenizer0' running 'WhitespaceTokenizer.process'.
2025-02-18 20:51:10,688 [DEBUG]  Node 'run_RegexFeaturizer1' running 'RegexFeaturizer.process'.
2025-02-18 20:51:10,688 [DEBUG]  Node 'run_LexicalSyntacticFeaturizer2' running 'LexicalSyntacticFeaturizer.process'.
2025-02-18 20:51:10,689 [DEBUG]  Node 'run_CountVectorsFeaturizer3' running 'CountVectorsFeaturizer.process'.
2025-02-18 20:51:10,690 [DEBUG]  Node 'run_LanguageModelFeaturizer4' running 'LanguageModelFeaturizer.process'.
2025-02-18 20:51:10,955 [DEBUG]  Node 'run_DIETClassifier5' running 'DIETClassifier.process'.
2025-02-18 20:51:10,961 [DEBUG]  Node 'run_EntitySynonymMapper6' running 'EntitySynonymMapper.process'.
2025-02-18 20:51:10,962 [DEBUG]  Node 'run_ResponseSelector7' running 'ResponseSelector.process'.
2025-02-18 20:51:10,962 [DEBUG]  There is no trained model for 'ResponseSelector': The component is either not trained or didn't receive enough training data.
2025-02-18 20:51:10,962 [DEBUG]  Adding following selector key to message property: default
2025-02-18 20:51:10,963 [DEBUG]  Node 'domain_provider' running 'DomainProvider.provide_inference'.
2025-02-18 20:51:10,963 [DEBUG]  Node 'run_RegexMessageHandler' running 'RegexMessageHandler.process'.
2025-02-18 20:51:10,963 [DEBUG]  [[32m[1mdebug    [0m] [1mprocessor.message.parse       [0m [36mparse_data_entities[0m=[35m[][0m [36mparse_data_intent[0m=[35m{'name': 'goodbye', 'confidence': 0.26174017786979675}[0m [36mparse_data_text[0m=[35mПаттерны микросервисов[0m
2025-02-18 20:51:10,964 [DEBUG]  Logged UserUtterance - tracker now has 64 events.
2025-02-18 20:51:10,964 [DEBUG]  Validating extracted slots: topic
2025-02-18 20:51:10,964 [DEBUG]  [[32m[1mdebug    [0m] [1mprocessor.extract.slots       [0m [36maction_extract_slot[0m=[35maction_extract_slots[0m [36mlen_extraction_events[0m=[35m1[0m [36mrasa_events[0m=[35m[SlotSet(key: topic, value: Паттерны микросервисов)][0m
2025-02-18 20:51:10,965 [DEBUG]  Running graph with inputs: {'__tracker__': <rasa.shared.core.trackers.DialogueStateTracker object at 0x000002348CFE5D80>}, targets: ['select_prediction'] and ExecutionContext(model_id='3b4003732e304af583479176338a8749', should_add_diagnostic_data=False, is_finetuning=False, node_name=None).
2025-02-18 20:51:10,965 [DEBUG]  Node 'rule_only_data_provider' running 'RuleOnlyDataProvider.provide'.
2025-02-18 20:51:10,966 [DEBUG]  Node 'domain_provider' running 'DomainProvider.provide_inference'.
2025-02-18 20:51:10,966 [DEBUG]  Node 'run_MemoizationPolicy0' running 'MemoizationPolicy.predict_action_probabilities'.
2025-02-18 20:51:10,967 [DEBUG]  [[32m[1mdebug    [0m] [1mmemoization.predict.actions   [0m [36mtracker_states[0m=[35m[{'user': {'intent': 'goodbye'}, 'prev_action': {'action_name': 'utter_goodbye'}}, {'user': {'intent': 'goodbye'}, 'prev_action': {'action_name': 'action_listen'}}][0m
2025-02-18 20:51:10,967 [DEBUG]  There is no memorised next action
2025-02-18 20:51:10,968 [DEBUG]  Node 'run_RulePolicy1' running 'RulePolicy.predict_action_probabilities'.
2025-02-18 20:51:10,969 [DEBUG]  [[32m[1mdebug    [0m] [1mrule_policy.actions.find      [0m [36mcurrent_states[0m=[35m
[state 1] user intent: goodbye | previous action name: action_listen
[state 2] user intent: goodbye | previous action name: utter_goodbye
[state 3] user intent: request_info | previous action name: action_listen
[state 4] user intent: request_info | previous action name: utter_ask_more
[state 5] user intent: ask_microservice_pattern | previous action name: action_listen
[state 6] user intent: ask_microservice_pattern | previous action name: utter_microservice_patterns
[state 7] user intent: goodbye | previous action name: action_listen
[state 8] user intent: goodbye | previous action name: utter_goodbye
[state 9] user intent: goodbye | previous action name: action_listen
[state 10] user intent: goodbye | previous action name: utter_goodbye
[state 11] user intent: request_info | previous action name: action_listen
[state 12] user intent: request_info | previous action name: utter_ask_more
[state 13] user intent: request_info | previous action name: action_listen
[state 14] user intent: request_info | previous action name: utter_ask_more
[state 15] user intent: goodbye | previous action name: action_listen
[state 16] user intent: goodbye | previous action name: utter_goodbye
[state 17] user text: Паттерны микросервисов | previous action name: action_listen[0m
2025-02-18 20:51:10,970 [DEBUG]  There is no applicable rule.
2025-02-18 20:51:10,971 [DEBUG]  [[32m[1mdebug    [0m] [1mrule_policy.actions.find      [0m [36mcurrent_states[0m=[35m
[state 1] user intent: goodbye | previous action name: action_listen
[state 2] user intent: goodbye | previous action name: utter_goodbye
[state 3] user intent: request_info | previous action name: action_listen
[state 4] user intent: request_info | previous action name: utter_ask_more
[state 5] user intent: ask_microservice_pattern | previous action name: action_listen
[state 6] user intent: ask_microservice_pattern | previous action name: utter_microservice_patterns
[state 7] user intent: goodbye | previous action name: action_listen
[state 8] user intent: goodbye | previous action name: utter_goodbye
[state 9] user intent: goodbye | previous action name: action_listen
[state 10] user intent: goodbye | previous action name: utter_goodbye
[state 11] user intent: request_info | previous action name: action_listen
[state 12] user intent: request_info | previous action name: utter_ask_more
[state 13] user intent: request_info | previous action name: action_listen
[state 14] user intent: request_info | previous action name: utter_ask_more
[state 15] user intent: goodbye | previous action name: action_listen
[state 16] user intent: goodbye | previous action name: utter_goodbye
[state 17] user intent: goodbye | previous action name: action_listen[0m
2025-02-18 20:51:10,971 [DEBUG]  There is a rule for the next action 'utter_goodbye'.
2025-02-18 20:51:10,972 [DEBUG]  Node 'run_TEDPolicy2' running 'TEDPolicy.predict_action_probabilities'.
2025-02-18 20:51:10,977 [DEBUG]  TED predicted 'action_default_ask_rephrase' based on user intent.
2025-02-18 20:51:10,977 [DEBUG]  Node 'select_prediction' running 'DefaultPolicyPredictionEnsemble.combine_predictions_from_kwargs'.
2025-02-18 20:51:10,978 [DEBUG]  Made prediction using user intent.
2025-02-18 20:51:10,978 [DEBUG]  Added `DefinePrevUserUtteredFeaturization(False)` event.
2025-02-18 20:51:10,978 [DEBUG]  Predicted next action using RulePolicy.
2025-02-18 20:51:10,979 [DEBUG]  Predicted next action 'utter_goodbye' with confidence 1.00.
2025-02-18 20:51:10,980 [DEBUG]  [[32m[1mdebug    [0m] [1mprocessor.actions.policy_prediction[0m [36mprediction_events[0m=[35m[<rasa.shared.core.events.DefinePrevUserUtteredFeaturization object at 0x000002348CE78DC0>][0m
2025-02-18 20:51:10,980 [DEBUG]  [[32m[1mdebug    [0m] [1mprocessor.actions.log         [0m [36maction_name[0m=[35mutter_goodbye[0m [36mrasa_events[0m=[35m[BotUttered('До свидания! Если появятся вопросы по архитектуре ПО, обращайтесь.', {"elements": null, "quick_replies": null, "buttons": null, "attachment": null, "image": null, "custom": null}, {"utter_action": "utter_goodbye"}, 1739901070.9804652)][0m
2025-02-18 20:51:10,981 [DEBUG]  Running graph with inputs: {'__tracker__': <rasa.shared.core.trackers.DialogueStateTracker object at 0x000002348CFE5D80>}, targets: ['select_prediction'] and ExecutionContext(model_id='3b4003732e304af583479176338a8749', should_add_diagnostic_data=False, is_finetuning=False, node_name=None).
2025-02-18 20:51:10,981 [DEBUG]  Node 'rule_only_data_provider' running 'RuleOnlyDataProvider.provide'.
2025-02-18 20:51:10,982 [DEBUG]  Node 'domain_provider' running 'DomainProvider.provide_inference'.
2025-02-18 20:51:10,982 [DEBUG]  Node 'run_MemoizationPolicy0' running 'MemoizationPolicy.predict_action_probabilities'.
2025-02-18 20:51:10,983 [DEBUG]  [[32m[1mdebug    [0m] [1mmemoization.predict.actions   [0m [36mtracker_states[0m=[35m[{'user': {'intent': 'goodbye'}, 'prev_action': {'action_name': 'action_listen'}}, {'user': {'intent': 'goodbye'}, 'prev_action': {'action_name': 'utter_goodbye'}}][0m
2025-02-18 20:51:10,984 [DEBUG]  There is a memorised next action 'action_listen'
2025-02-18 20:51:10,984 [DEBUG]  Node 'run_RulePolicy1' running 'RulePolicy.predict_action_probabilities'.
2025-02-18 20:51:10,986 [DEBUG]  [[32m[1mdebug    [0m] [1mrule_policy.actions.find      [0m [36mcurrent_states[0m=[35m
[state 1] user intent: goodbye | previous action name: action_listen
[state 2] user intent: goodbye | previous action name: utter_goodbye
[state 3] user intent: request_info | previous action name: action_listen
[state 4] user intent: request_info | previous action name: utter_ask_more
[state 5] user intent: ask_microservice_pattern | previous action name: action_listen
[state 6] user intent: ask_microservice_pattern | previous action name: utter_microservice_patterns
[state 7] user intent: goodbye | previous action name: action_listen
[state 8] user intent: goodbye | previous action name: utter_goodbye
[state 9] user intent: goodbye | previous action name: action_listen
[state 10] user intent: goodbye | previous action name: utter_goodbye
[state 11] user intent: request_info | previous action name: action_listen
[state 12] user intent: request_info | previous action name: utter_ask_more
[state 13] user intent: request_info | previous action name: action_listen
[state 14] user intent: request_info | previous action name: utter_ask_more
[state 15] user intent: goodbye | previous action name: action_listen
[state 16] user intent: goodbye | previous action name: utter_goodbye
[state 17] user intent: goodbye | previous action name: action_listen
[state 18] user intent: goodbye | previous action name: utter_goodbye[0m
2025-02-18 20:51:10,987 [DEBUG]  There is a rule for the next action 'action_listen'.
2025-02-18 20:51:10,987 [DEBUG]  Node 'run_TEDPolicy2' running 'TEDPolicy.predict_action_probabilities'.
2025-02-18 20:51:10,992 [DEBUG]  TED predicted 'action_back' based on user intent.
2025-02-18 20:51:10,993 [DEBUG]  Node 'select_prediction' running 'DefaultPolicyPredictionEnsemble.combine_predictions_from_kwargs'.
2025-02-18 20:51:10,993 [DEBUG]  Predicted next action using RulePolicy.
2025-02-18 20:51:10,994 [DEBUG]  Predicted next action 'action_listen' with confidence 1.00.
2025-02-18 20:51:10,994 [DEBUG]  [[32m[1mdebug    [0m] [1mprocessor.actions.policy_prediction[0m [36mprediction_events[0m=[35m[][0m
2025-02-18 20:51:10,995 [DEBUG]  [[32m[1mdebug    [0m] [1mprocessor.actions.log         [0m [36maction_name[0m=[35maction_listen[0m [36mrasa_events[0m=[35m[][0m
2025-02-18 20:51:10,995 [DEBUG]  No event broker configured. Skipping streaming events.
2025-02-18 20:51:10,997 [DEBUG]  Deleted lock for conversation 'PractikumStudent'.
2025-02-18 20:51:15,194 [DEBUG]  Issuing ticket for conversation 'PractikumStudent'.
2025-02-18 20:51:15,195 [DEBUG]  Acquiring lock for conversation 'PractikumStudent'.
2025-02-18 20:51:15,195 [DEBUG]  Acquired lock for conversation 'PractikumStudent'.
2025-02-18 20:51:15,196 [DEBUG]  Recreating tracker for id 'PractikumStudent'
2025-02-18 20:51:15,205 [DEBUG]  Running graph with inputs: {'__message__': [<rasa.core.channels.channel.UserMessage object at 0x000002348F36B070>], '__tracker__': <rasa.shared.core.trackers.DialogueStateTracker object at 0x000002348BD8C970>}, targets: ['run_RegexMessageHandler'] and ExecutionContext(model_id='3b4003732e304af583479176338a8749', should_add_diagnostic_data=False, is_finetuning=False, node_name=None).
2025-02-18 20:51:15,206 [DEBUG]  Node 'nlu_message_converter' running 'NLUMessageConverter.convert_user_message'.
2025-02-18 20:51:15,208 [DEBUG]  Node 'run_WhitespaceTokenizer0' running 'WhitespaceTokenizer.process'.
2025-02-18 20:51:15,208 [DEBUG]  Node 'run_RegexFeaturizer1' running 'RegexFeaturizer.process'.
2025-02-18 20:51:15,208 [DEBUG]  Node 'run_LexicalSyntacticFeaturizer2' running 'LexicalSyntacticFeaturizer.process'.
2025-02-18 20:51:15,209 [DEBUG]  Node 'run_CountVectorsFeaturizer3' running 'CountVectorsFeaturizer.process'.
2025-02-18 20:51:15,209 [DEBUG]  Node 'run_LanguageModelFeaturizer4' running 'LanguageModelFeaturizer.process'.
2025-02-18 20:51:15,572 [DEBUG]  Node 'run_DIETClassifier5' running 'DIETClassifier.process'.
2025-02-18 20:51:15,581 [DEBUG]  Node 'run_EntitySynonymMapper6' running 'EntitySynonymMapper.process'.
2025-02-18 20:51:15,582 [DEBUG]  Node 'run_ResponseSelector7' running 'ResponseSelector.process'.
2025-02-18 20:51:15,583 [DEBUG]  There is no trained model for 'ResponseSelector': The component is either not trained or didn't receive enough training data.
2025-02-18 20:51:15,583 [DEBUG]  Adding following selector key to message property: default
2025-02-18 20:51:15,583 [DEBUG]  Node 'domain_provider' running 'DomainProvider.provide_inference'.
2025-02-18 20:51:15,584 [DEBUG]  Node 'run_RegexMessageHandler' running 'RegexMessageHandler.process'.
2025-02-18 20:51:15,586 [DEBUG]  [[32m[1mdebug    [0m] [1mprocessor.message.parse       [0m [36mparse_data_entities[0m=[35m[][0m [36mparse_data_intent[0m=[35m{'name': 'goodbye', 'confidence': 0.21854974329471588}[0m [36mparse_data_text[0m=[35mскотина[0m
2025-02-18 20:51:15,588 [DEBUG]  Logged UserUtterance - tracker now has 70 events.
2025-02-18 20:51:15,589 [DEBUG]  Validating extracted slots: topic
2025-02-18 20:51:15,590 [DEBUG]  [[32m[1mdebug    [0m] [1mprocessor.extract.slots       [0m [36maction_extract_slot[0m=[35maction_extract_slots[0m [36mlen_extraction_events[0m=[35m1[0m [36mrasa_events[0m=[35m[SlotSet(key: topic, value: скотина)][0m
2025-02-18 20:51:15,590 [DEBUG]  Running graph with inputs: {'__tracker__': <rasa.shared.core.trackers.DialogueStateTracker object at 0x000002348BD8C970>}, targets: ['select_prediction'] and ExecutionContext(model_id='3b4003732e304af583479176338a8749', should_add_diagnostic_data=False, is_finetuning=False, node_name=None).
2025-02-18 20:51:15,591 [DEBUG]  Node 'rule_only_data_provider' running 'RuleOnlyDataProvider.provide'.
2025-02-18 20:51:15,592 [DEBUG]  Node 'domain_provider' running 'DomainProvider.provide_inference'.
2025-02-18 20:51:15,592 [DEBUG]  Node 'run_MemoizationPolicy0' running 'MemoizationPolicy.predict_action_probabilities'.
2025-02-18 20:51:15,594 [DEBUG]  [[32m[1mdebug    [0m] [1mmemoization.predict.actions   [0m [36mtracker_states[0m=[35m[{'user': {'intent': 'goodbye'}, 'prev_action': {'action_name': 'utter_goodbye'}}, {'user': {'intent': 'goodbye'}, 'prev_action': {'action_name': 'action_listen'}}][0m
2025-02-18 20:51:15,594 [DEBUG]  There is no memorised next action
2025-02-18 20:51:15,595 [DEBUG]  Node 'run_RulePolicy1' running 'RulePolicy.predict_action_probabilities'.
2025-02-18 20:51:15,596 [DEBUG]  [[32m[1mdebug    [0m] [1mrule_policy.actions.find      [0m [36mcurrent_states[0m=[35m
[state 1] user intent: goodbye | previous action name: action_listen
[state 2] user intent: goodbye | previous action name: utter_goodbye
[state 3] user intent: request_info | previous action name: action_listen
[state 4] user intent: request_info | previous action name: utter_ask_more
[state 5] user intent: ask_microservice_pattern | previous action name: action_listen
[state 6] user intent: ask_microservice_pattern | previous action name: utter_microservice_patterns
[state 7] user intent: goodbye | previous action name: action_listen
[state 8] user intent: goodbye | previous action name: utter_goodbye
[state 9] user intent: goodbye | previous action name: action_listen
[state 10] user intent: goodbye | previous action name: utter_goodbye
[state 11] user intent: request_info | previous action name: action_listen
[state 12] user intent: request_info | previous action name: utter_ask_more
[state 13] user intent: request_info | previous action name: action_listen
[state 14] user intent: request_info | previous action name: utter_ask_more
[state 15] user intent: goodbye | previous action name: action_listen
[state 16] user intent: goodbye | previous action name: utter_goodbye
[state 17] user intent: goodbye | previous action name: action_listen
[state 18] user intent: goodbye | previous action name: utter_goodbye
[state 19] user text: скотина | previous action name: action_listen[0m
2025-02-18 20:51:15,597 [DEBUG]  There is no applicable rule.
2025-02-18 20:51:15,598 [DEBUG]  [[32m[1mdebug    [0m] [1mrule_policy.actions.find      [0m [36mcurrent_states[0m=[35m
[state 1] user intent: goodbye | previous action name: action_listen
[state 2] user intent: goodbye | previous action name: utter_goodbye
[state 3] user intent: request_info | previous action name: action_listen
[state 4] user intent: request_info | previous action name: utter_ask_more
[state 5] user intent: ask_microservice_pattern | previous action name: action_listen
[state 6] user intent: ask_microservice_pattern | previous action name: utter_microservice_patterns
[state 7] user intent: goodbye | previous action name: action_listen
[state 8] user intent: goodbye | previous action name: utter_goodbye
[state 9] user intent: goodbye | previous action name: action_listen
[state 10] user intent: goodbye | previous action name: utter_goodbye
[state 11] user intent: request_info | previous action name: action_listen
[state 12] user intent: request_info | previous action name: utter_ask_more
[state 13] user intent: request_info | previous action name: action_listen
[state 14] user intent: request_info | previous action name: utter_ask_more
[state 15] user intent: goodbye | previous action name: action_listen
[state 16] user intent: goodbye | previous action name: utter_goodbye
[state 17] user intent: goodbye | previous action name: action_listen
[state 18] user intent: goodbye | previous action name: utter_goodbye
[state 19] user intent: goodbye | previous action name: action_listen[0m
2025-02-18 20:51:15,599 [DEBUG]  There is a rule for the next action 'utter_goodbye'.
2025-02-18 20:51:15,599 [DEBUG]  Node 'run_TEDPolicy2' running 'TEDPolicy.predict_action_probabilities'.
2025-02-18 20:51:15,609 [DEBUG]  TED predicted 'action_default_ask_rephrase' based on user intent.
2025-02-18 20:51:15,610 [DEBUG]  Node 'select_prediction' running 'DefaultPolicyPredictionEnsemble.combine_predictions_from_kwargs'.
2025-02-18 20:51:15,610 [DEBUG]  Made prediction using user intent.
2025-02-18 20:51:15,611 [DEBUG]  Added `DefinePrevUserUtteredFeaturization(False)` event.
2025-02-18 20:51:15,611 [DEBUG]  Predicted next action using RulePolicy.
2025-02-18 20:51:15,612 [DEBUG]  Predicted next action 'utter_goodbye' with confidence 1.00.
2025-02-18 20:51:15,613 [DEBUG]  [[32m[1mdebug    [0m] [1mprocessor.actions.policy_prediction[0m [36mprediction_events[0m=[35m[<rasa.shared.core.events.DefinePrevUserUtteredFeaturization object at 0x000002348CE7A7A0>][0m
2025-02-18 20:51:15,614 [DEBUG]  [[32m[1mdebug    [0m] [1mprocessor.actions.log         [0m [36maction_name[0m=[35mutter_goodbye[0m [36mrasa_events[0m=[35m[BotUttered('До свидания! Если появятся вопросы по архитектуре ПО, обращайтесь.', {"elements": null, "quick_replies": null, "buttons": null, "attachment": null, "image": null, "custom": null}, {"utter_action": "utter_goodbye"}, 1739901075.613276)][0m
2025-02-18 20:51:15,615 [DEBUG]  Running graph with inputs: {'__tracker__': <rasa.shared.core.trackers.DialogueStateTracker object at 0x000002348BD8C970>}, targets: ['select_prediction'] and ExecutionContext(model_id='3b4003732e304af583479176338a8749', should_add_diagnostic_data=False, is_finetuning=False, node_name=None).
2025-02-18 20:51:15,615 [DEBUG]  Node 'rule_only_data_provider' running 'RuleOnlyDataProvider.provide'.
2025-02-18 20:51:15,616 [DEBUG]  Node 'domain_provider' running 'DomainProvider.provide_inference'.
2025-02-18 20:51:15,616 [DEBUG]  Node 'run_MemoizationPolicy0' running 'MemoizationPolicy.predict_action_probabilities'.
2025-02-18 20:51:15,617 [DEBUG]  [[32m[1mdebug    [0m] [1mmemoization.predict.actions   [0m [36mtracker_states[0m=[35m[{'user': {'intent': 'goodbye'}, 'prev_action': {'action_name': 'action_listen'}}, {'user': {'intent': 'goodbye'}, 'prev_action': {'action_name': 'utter_goodbye'}}][0m
2025-02-18 20:51:15,618 [DEBUG]  There is a memorised next action 'action_listen'
2025-02-18 20:51:15,618 [DEBUG]  Node 'run_RulePolicy1' running 'RulePolicy.predict_action_probabilities'.
2025-02-18 20:51:15,620 [DEBUG]  [[32m[1mdebug    [0m] [1mrule_policy.actions.find      [0m [36mcurrent_states[0m=[35m
[state 1] user intent: goodbye | previous action name: action_listen
[state 2] user intent: goodbye | previous action name: utter_goodbye
[state 3] user intent: request_info | previous action name: action_listen
[state 4] user intent: request_info | previous action name: utter_ask_more
[state 5] user intent: ask_microservice_pattern | previous action name: action_listen
[state 6] user intent: ask_microservice_pattern | previous action name: utter_microservice_patterns
[state 7] user intent: goodbye | previous action name: action_listen
[state 8] user intent: goodbye | previous action name: utter_goodbye
[state 9] user intent: goodbye | previous action name: action_listen
[state 10] user intent: goodbye | previous action name: utter_goodbye
[state 11] user intent: request_info | previous action name: action_listen
[state 12] user intent: request_info | previous action name: utter_ask_more
[state 13] user intent: request_info | previous action name: action_listen
[state 14] user intent: request_info | previous action name: utter_ask_more
[state 15] user intent: goodbye | previous action name: action_listen
[state 16] user intent: goodbye | previous action name: utter_goodbye
[state 17] user intent: goodbye | previous action name: action_listen
[state 18] user intent: goodbye | previous action name: utter_goodbye
[state 19] user intent: goodbye | previous action name: action_listen
[state 20] user intent: goodbye | previous action name: utter_goodbye[0m
2025-02-18 20:51:15,621 [DEBUG]  There is a rule for the next action 'action_listen'.
2025-02-18 20:51:15,621 [DEBUG]  Node 'run_TEDPolicy2' running 'TEDPolicy.predict_action_probabilities'.
2025-02-18 20:51:15,628 [DEBUG]  TED predicted 'action_back' based on user intent.
2025-02-18 20:51:15,628 [DEBUG]  Node 'select_prediction' running 'DefaultPolicyPredictionEnsemble.combine_predictions_from_kwargs'.
2025-02-18 20:51:15,629 [DEBUG]  Predicted next action using RulePolicy.
2025-02-18 20:51:15,629 [DEBUG]  Predicted next action 'action_listen' with confidence 1.00.
2025-02-18 20:51:15,630 [DEBUG]  [[32m[1mdebug    [0m] [1mprocessor.actions.policy_prediction[0m [36mprediction_events[0m=[35m[][0m
2025-02-18 20:51:15,630 [DEBUG]  [[32m[1mdebug    [0m] [1mprocessor.actions.log         [0m [36maction_name[0m=[35maction_listen[0m [36mrasa_events[0m=[35m[][0m
2025-02-18 20:51:15,631 [DEBUG]  No event broker configured. Skipping streaming events.
2025-02-18 20:51:15,632 [DEBUG]  Deleted lock for conversation 'PractikumStudent'.
